id_assessment,id_student,date_submitted,is_banked,score
21,100415,20,0,84.2
22,100415,49,0,77.5
23,100415,92,0,89.8
24,100415,131,0,70.1
11,100620,24,0,81.6
13,100620,90,0,68.2
14,100620,131,0,64.1
26,100726,24,0,75.5
28,100726,95,0,49.0
29,100726,130,0,82.5
16,100658,27,0,70.8
18,100658,90,0,66.6
19,100658,132,0,57.9
27,100713,45,0,57.7
28,100713,92,0,79.1
29,100713,133,0,59.2
1,100736,20,0,48.0
2,100736,51,0,19.0
3,100736,98,0,26.0
27,100189,45,0,53.7
29,100189,130,0,75.6
1,100823,21,0,69.2
3,100823,91,0,31.8
4,100823,131,0,80.8
1,100729,20,0,100.0
3,100729,94,0,90.7
4,100729,130,0,69.6
26,100872,20,0,65.5
27,100872,46,0,77.0
28,100872,90,0,79.2
29,100872,134,0,85.8
6,100812,20,0,73.1
7,100812,45,0,77.6
8,100812,98,0,84.7
9,100812,136,0,100.0
11,100268,23,0,50.4
3,100459,90,0,58.7
4,100459,134,0,41.3
6,100103,20,0,63.0
8,100103,90,0,54.2
9,100103,130,0,79.6
21,100664,23,0,83.3
22,100664,47,0,91.7
23,100664,94,0,75.5
24,100664,133,0,100.0
1,100705,22,0,75.2
2,100705,47,0,87.9
3,100705,90,0,82.6
4,100705,130,0,86.2
1,100107,21,0,90.8
2,100107,45,0,84.2
3,100107,90,0,74.9
4,100107,134,0,74.0
28,100082,90,0,29.2
6,100051,20,0,69.0
7,100051,49,0,68.3
8,100051,91,0,68.9
9,100051,130,0,75.8
27,100312,46,0,39.0
11,100632,20,0,45.5
12,100632,47,0,48.2
14,100632,134,0,55.0
21,100800,20,0,41.2
6,100659,25,0,82.2
7,100659,50,0,69.0
8,100659,91,0,79.0
9,100659,130,0,94.6
21,100411,22,0,41.6
22,100411,45,0,58.7
23,100411,92,0,47.3
26,100256,20,0,33.7
27,100256,45,0,56.1
28,100256,94,0,47.8
13,100294,90,0,50.0
14,100294,131,0,73.5
16,100475,21,0,38.8
17,100475,52,0,64.3
19,100475,130,0,58.6
1,100523,25,0,44.9
3,100523,90,0,44.7
26,100888,20,0,69.4
27,100888,48,0,78.5
28,100888,91,0,60.6
29,100888,131,0,87.8
22,100346,46,0,27.2
8,100025,97,0,41.3
16,100135,20,0,59.8
17,100135,45,0,66.2
18,100135,90,0,59.3
19,100135,135,0,75.1
12,100291,45,0,52.7
21,100258,20,0,67.7
22,100258,45,0,60.4
23,100258,91,0,66.5
24,100258,130,0,66.4
26,100165,26,0,72.3
27,100165,46,0,83.2
29,100165,130,0,50.8
6,100487,28,0,47.3
7,100487,49,0,66.1
17,100730,45,0,70.5
24,100825,131,0,48.3
26,100553,20,0,52.0
28,100553,90,0,74.6
29,100553,134,0,63.4
14,100011,130,0,41.5
19,100747,131,0,50.6
11,100668,20,0,67.0
12,100668,45,0,41.6
26,100155,20,0,25.7
27,100155,45,0,53.9
28,100155,94,0,68.6
12,100551,45,0,37.5
6,100210,20,0,68.2
7,100210,50,0,80.5
8,100210,95,0,81.8
9,100210,134,0,72.2
12,100581,50,0,46.0
13,100581,90,0,66.7
14,100581,130,0,29.4
6,100297,22,0,63.6
7,100297,53,0,89.5
11,100082,22,0,69.0
13,100082,90,0,69.8
1,100682,20,0,47.3
1,100488,23,0,45.6
2,100488,45,0,56.2
4,100488,130,0,35.0
6,100879,21,0,64.9
7,100879,45,0,59.1
8,100879,90,0,56.0
9,100879,130,0,57.3
12,100105,47,0,71.1
13,100242,90,0,54.0
14,100242,132,0,37.4
6,100508,20,0,88.1
7,100508,45,0,99.7
8,100508,90,0,97.1
9,100508,134,0,88.1
28,100402,90,0,28.7
17,100597,45,0,76.8
18,100597,90,0,73.9
19,100597,133,0,60.5
6,100451,20,0,84.3
7,100451,45,0,63.9
8,100451,91,0,63.4
9,100451,130,0,80.8
7,100660,50,0,42.7
9,100660,130,0,30.1
6,100107,23,0,59.9
6,100133,20,0,62.1
8,100133,91,0,74.3
9,100133,132,0,81.7
1,100385,22,0,63.5
2,100385,45,0,23.0
21,100719,20,0,88.6
22,100719,45,0,82.3
23,100719,90,0,98.8
2,100258,45,0,70.1
3,100258,90,0,77.8
4,100258,136,0,67.4
16,100068,23,0,78.8
17,100068,46,0,67.2
18,100068,97,0,69.7
19,100068,131,0,46.5
16,100137,21,0,100.0
17,100137,45,0,81.3
18,100137,90,0,84.4
19,100137,130,0,97.2
16,100006,20,0,32.4
17,100006,50,0,42.2
21,100158,20,0,71.1
23,100158,91,0,64.3
21,100771,21,0,69.8
22,100771,45,0,75.6
23,100771,93,0,81.4
24,100771,137,0,98.9
6,100017,22,0,69.9
7,100017,45,0,95.9
8,100017,90,0,68.7
4,100269,130,0,51.0
17,100484,45,0,66.4
18,100484,95,0,51.2
19,100484,130,0,51.8
2,100011,45,0,41.0
3,100011,90,0,39.8
1,100171,23,0,55.7
2,100171,45,0,39.8
3,100171,91,0,63.0
21,100737,22,0,58.6
23,100737,90,0,62.9
1,100250,22,0,57.9
2,100250,45,0,82.8
3,100250,94,0,42.0
4,100250,131,0,66.3
1,100117,20,0,85.6
3,100117,90,0,52.7
4,100117,135,0,58.8
7,100570,45,0,69.9
8,100570,92,0,74.1
9,100619,130,0,72.5
11,100398,20,0,42.8
13,100398,90,0,49.0
21,100874,23,0,66.2
22,100874,45,0,92.4
23,100874,90,0,67.1
24,100874,131,0,80.2
6,100855,22,0,100.0
7,100855,48,0,87.6
8,100855,92,0,100.0
9,100855,130,0,80.7
16,100879,20,0,58.2
17,100879,50,0,72.0
18,100879,91,0,62.3
17,100203,45,0,59.2
18,100203,99,0,50.5
11,100630,20,0,76.5
12,100630,45,0,63.6
13,100630,93,0,56.4
14,100630,132,0,86.7
21,100840,24,0,85.7
22,100840,45,0,81.1
23,100840,90,0,57.3
6,100794,20,0,54.1
16,100558,20,0,52.7
17,100558,46,0,52.1
18,100558,90,0,39.3
26,100131,24,0,61.7
27,100131,46,0,73.3
28,100131,93,0,66.9
11,100293,20,0,48.3
13,100293,90,0,55.1
14,100293,134,0,57.2
17,100252,46,0,58.9
18,100252,90,0,61.3
19,100252,131,0,66.5
27,100268,47,0,75.1
29,100268,132,0,65.8
16,100402,26,0,55.6
17,100402,45,0,51.2
1,100389,24,0,24.8
1,100543,21,0,56.5
2,100543,46,0,41.5
6,100894,22,0,39.5
9,100894,131,0,35.9
14,100870,131,0,72.5
6,100303,20,0,39.5
18,100746,91,0,64.6
19,100746,130,0,30.1
14,100575,133,0,56.9
11,100149,23,0,72.7
12,100149,45,0,91.6
13,100149,90,0,86.4
14,100149,130,0,91.4
28,100059,90,0,87.0
29,100059,132,0,71.9
24,100524,130,0,48.5
6,100012,20,0,66.0
8,100012,94,0,56.7
26,100837,20,0,63.8
27,100837,51,0,87.6
1,100334,23,0,77.9
3,100334,96,0,79.3
16,100067,20,0,58.0
17,100067,45,0,63.9
19,100067,130,0,53.4
7,100244,45,0,20.8
16,100843,21,0,83.3
18,100843,90,0,56.8
16,100346,21,0,93.1
17,100346,45,0,95.1
18,100346,92,0,83.5
19,100346,130,0,63.9
7,100872,46,0,44.0
8,100872,90,0,50.0
9,100872,130,0,77.1
21,100729,20,0,63.0
24,100729,133,0,48.4
6,100869,22,0,55.0
8,100869,93,0,82.5
9,100869,130,0,58.9
22,100299,48,0,52.3
23,100299,90,0,53.0
7,100694,48,0,65.3
8,100694,90,0,70.4
9,100694,130,0,61.2
26,100610,20,0,94.2
27,100610,46,0,85.6
29,100610,134,0,86.5
21,100379,20,0,84.3
22,100379,45,0,80.8
23,100379,90,0,77.2
24,100379,133,0,62.6
26,100812,22,0,38.2
28,100812,92,0,46.1
29,100812,130,0,69.5
6,100719,20,0,85.5
7,100719,46,0,61.0
8,100719,90,0,74.1
9,100719,130,0,77.2
26,100694,23,0,51.8
21,100082,20,0,66.9
22,100082,45,0,100.0
23,100082,92,0,92.3
28,100193,90,0,43.7
6,100109,24,0,85.0
7,100109,45,0,95.6
8,100109,93,0,46.3
9,100109,132,0,94.3
21,100351,22,0,85.9
22,100351,45,0,100.0
23,100351,97,0,73.9
24,100351,130,0,96.6
6,100590,22,0,61.9
7,100590,48,0,70.3
8,100590,90,0,50.3
9,100590,132,0,52.2
11,100876,25,0,48.6
16,100194,20,0,91.9
17,100194,49,0,79.6
18,100194,93,0,54.8
19,100194,130,0,86.1
12,100466,45,0,61.8
14,100466,130,0,63.0
1,100185,27,0,71.7
2,100185,49,0,60.7
11,100225,21,0,83.5
12,100225,52,0,87.2
14,100225,132,0,76.8
26,100135,20,0,84.3
27,100135,45,0,66.1
28,100135,90,0,79.4
29,100135,130,0,60.4
11,100799,24,0,74.6
12,100799,47,0,100.0
13,100799,90,0,75.8
14,100799,131,0,92.5
6,100826,21,0,72.1
7,100826,49,0,74.3
8,100826,90,0,66.2
9,100826,130,0,79.1
26,100753,25,0,79.6
27,100753,48,0,89.2
28,100753,98,0,90.4
29,100753,130,0,64.7
6,100802,20,0,70.8
7,100802,45,0,54.0
8,100802,92,0,64.3
9,100802,133,0,57.8
16,100054,27,0,62.8
17,100054,45,0,51.7
18,100054,90,0,93.4
19,100054,136,0,80.3
13,100387,96,0,41.3
14,100387,134,0,48.6
26,100281,20,0,91.5
27,100281,47,0,90.5
28,100281,92,0,81.1
29,100281,130,0,100.0
16,100081,23,0,69.4
17,100081,46,0,55.4
18,100081,93,0,48.8
26,100098,21,0,81.3
27,100098,47,0,58.2
29,100098,134,0,68.4
1,100106,21,0,48.2
2,100106,45,0,63.6
3,100106,90,0,58.6
4,100106,132,0,54.2
21,100519,21,0,40.6
22,100519,47,0,56.5
23,100519,90,0,47.4
24,100519,131,0,48.7
17,100447,45,0,60.3
18,100447,92,0,73.6
6,100363,23,0,71.1
7,100363,45,0,92.0
8,100363,94,0,89.1
9,100363,132,0,72.1
1,100658,21,0,84.3
3,100658,91,0,61.2
4,100658,131,0,50.4
18,100308,93,0,56.3
19,100308,134,0,69.3
11,100714,23,0,97.8
12,100714,45,0,76.1
13,100714,90,0,78.2
7,100247,48,0,72.3
21,100150,21,0,96.5
22,100150,45,0,70.1
23,100150,96,0,100.0
24,100150,130,0,93.1
2,100259,49,0,68.5
3,100259,92,0,80.7
4,100259,130,0,54.5
16,100512,20,0,52.7
17,100512,45,0,74.8
19,100512,130,0,36.7
16,100128,29,0,61.2
17,100128,45,0,79.4
26,100454,20,0,80.6
27,100454,46,0,72.9
28,100454,90,0,73.8
29,100454,130,0,57.1
11,100791,20,0,86.3
12,100791,48,0,92.2
14,100791,132,0,84.5
21,100605,21,0,40.8
22,100605,45,0,82.3
23,100605,94,0,77.0
24,100605,130,0,71.2
2,100167,48,0,76.2
4,100167,134,0,54.8
26,100511,21,0,65.1
28,100511,90,0,71.3
27,100164,45,0,36.4
27,100556,45,0,71.8
28,100556,92,0,92.3
29,100556,130,0,52.0
23,100057,95,0,51.0
21,100754,23,0,80.6
22,100754,45,0,68.2
24,100754,130,0,58.6
21,100388,20,0,75.2
22,100388,45,0,75.5
23,100388,90,0,60.0
24,100388,134,0,89.1
11,100263,20,0,68.3
12,100263,45,0,83.1
13,100263,90,0,63.7
14,100263,130,0,64.3
16,100131,20,0,63.6
17,100131,45,0,61.7
18,100131,90,0,53.3
19,100131,130,0,58.5
16,100070,20,0,49.3
17,100070,46,0,66.2
2,100123,45,0,75.4
3,100123,90,0,62.1
4,100123,134,0,67.3
23,100578,92,0,61.9
27,100009,49,0,45.4
29,100009,131,0,27.0
1,100810,21,0,60.2
2,100810,50,0,82.7
3,100810,90,0,85.3
4,100810,130,0,79.0
17,100410,46,0,37.0
16,100368,23,0,77.8
17,100368,45,0,74.9
18,100368,94,0,64.8
19,100368,130,0,71.0
21,100580,24,0,52.1
23,100580,90,0,52.7
27,100117,45,0,57.4
28,100117,90,0,41.3
29,100117,130,0,43.9
21,100704,23,0,72.8
23,100704,90,0,77.2
24,100704,132,0,70.4
26,100661,20,0,43.3
28,100661,90,0,36.6
29,100661,130,0,57.1
12,100000,46,0,69.9
13,100000,90,0,77.3
14,100000,130,0,79.5
11,100356,23,0,59.6
12,100356,46,0,71.7
13,100356,90,0,85.6
14,100356,130,0,75.1
16,100012,23,0,100.0
17,100012,47,0,91.3
18,100012,90,0,80.6
6,100308,20,0,98.2
7,100308,45,0,100.0
9,100308,136,0,89.9
21,100029,20,0,74.9
22,100029,49,0,70.2
24,100029,133,0,74.4
11,100295,20,0,68.2
11,100065,24,0,79.0
12,100065,46,0,43.3
14,100065,133,0,58.6
13,100250,90,0,56.5
11,100697,20,0,66.3
12,100697,45,0,65.4
13,100697,90,0,70.6
14,100697,132,0,69.0
26,100439,20,0,70.1
27,100439,45,0,80.7
28,100439,93,0,90.4
29,100439,136,0,92.8
13,100404,90,0,84.2
14,100404,131,0,80.0
1,100536,20,0,84.9
2,100536,45,0,98.8
3,100536,90,0,81.6
4,100536,134,0,77.2
18,100305,94,0,57.0
1,100757,20,0,54.2
2,100757,47,0,51.8
11,100643,22,0,67.3
12,100643,46,0,45.3
13,100643,90,0,65.2
14,100643,130,0,77.5
12,100566,46,0,52.1
13,100566,90,0,51.8
3,100475,91,0,39.4
21,100883,24,0,84.8
22,100883,49,0,100.0
24,100883,133,0,88.1
6,100088,20,0,56.0
7,100088,45,0,74.1
8,100088,90,0,67.0
9,100088,130,0,86.6
21,100454,20,0,34.5
22,100454,45,0,41.3
23,100454,90,0,24.6
26,100265,22,0,70.8
27,100265,45,0,82.0
29,100265,130,0,81.8
6,100584,23,0,26.5
9,100584,130,0,63.7
11,100232,25,0,66.9
12,100232,45,0,52.7
1,100652,21,0,56.7
1,100162,22,0,53.9
3,100162,90,0,73.5
4,100162,130,0,92.2
21,100011,20,0,58.2
23,100011,90,0,83.5
24,100011,130,0,55.5
26,100355,24,0,100.0
27,100355,46,0,64.8
28,100355,92,0,69.6
29,100355,132,0,82.4
6,100237,26,0,49.2
7,100237,45,0,64.3
1,100081,20,0,73.1
2,100081,46,0,64.5
3,100081,90,0,62.4
4,100081,131,0,80.0
3,100570,91,0,54.1
11,100184,20,0,90.1
12,100184,45,0,91.2
13,100184,90,0,76.3
14,100184,131,0,100.0
6,100503,20,0,77.7
9,100503,132,0,91.3
8,100428,97,0,76.2
9,100428,136,0,76.5
3,100001,92,0,61.5
4,100001,130,0,56.5
21,100367,20,0,82.0
23,100367,93,0,80.1
24,100367,130,0,63.7
21,100654,20,0,72.4
22,100654,49,0,42.1
23,100654,90,0,44.9
24,100654,131,0,53.1
1,100164,20,0,73.5
2,100164,45,0,80.2
3,100164,98,0,90.5
21,100536,22,0,41.6
21,100739,22,0,78.4
22,100739,45,0,98.7
23,100739,90,0,70.2
24,100739,130,0,85.9
1,100404,21,0,52.9
2,100404,45,0,41.2
4,100404,130,0,49.2
26,100067,20,0,36.6
27,100067,45,0,60.1
29,100067,133,0,65.6
16,100830,24,0,74.4
17,100830,45,0,88.7
18,100830,95,0,81.2
19,100830,133,0,60.9
21,100378,21,0,54.1
12,100533,45,0,43.2
14,100533,130,0,73.1
26,100242,20,0,66.3
6,100408,21,0,82.1
7,100408,47,0,67.4
8,100408,90,0,61.4
14,100049,130,0,27.0
2,100426,47,0,82.0
3,100426,90,0,68.1
4,100426,130,0,75.7
4,100865,130,0,52.4
16,100156,23,0,59.9
18,100156,90,0,86.6
27,100506,52,0,39.6
28,100506,95,0,62.4
29,100506,136,0,47.8
26,100827,20,0,83.3
27,100827,45,0,90.5
28,100827,95,0,80.9
29,100827,132,0,76.5
23,100446,96,0,60.4
6,100642,20,0,87.5
7,100642,45,0,87.6
8,100642,90,0,72.8
9,100642,131,0,87.2
3,100375,90,0,59.1
16,100295,24,0,81.3
17,100295,49,0,78.8
18,100295,90,0,79.6
19,100295,132,0,89.8
11,100245,21,0,58.6
21,100068,20,0,100.0
22,100068,47,0,93.7
23,100068,93,0,66.3
24,100068,130,0,74.1
6,100665,22,0,85.0
7,100665,47,0,90.4
8,100665,93,0,91.2
9,100665,130,0,80.5
26,100489,22,0,38.1
1,100384,20,0,71.8
3,100384,92,0,56.0
17,100801,46,0,68.1
18,100801,91,0,57.2
19,100801,131,0,46.5
21,100202,20,0,47.3
22,100202,45,0,69.5
23,100202,94,0,45.1
6,100724,27,0,57.2
7,100724,48,0,84.9
9,100724,131,0,62.4
6,100818,25,0,70.7
8,100818,91,0,78.5
9,100818,138,0,84.0
16,100244,24,0,70.3
17,100244,45,0,96.4
18,100244,95,0,79.3
19,100244,130,0,85.1
17,100673,45,0,58.3
18,100673,90,0,32.0
19,100673,136,0,60.4
2,100708,48,0,40.9
3,100708,92,0,62.2
4,100708,130,0,73.1
7,100798,45,0,68.4
8,100798,90,0,55.6
9,100798,130,0,74.3
17,100310,49,0,66.4
19,100310,130,0,96.4
16,100645,23,0,79.4
17,100645,45,0,68.4
19,100645,130,0,53.3
12,100071,45,0,38.4
21,100338,20,0,15.2
1,100718,21,0,90.0
2,100718,45,0,65.1
3,100718,90,0,69.3
4,100718,131,0,83.9
28,100309,91,0,67.7
26,100028,20,0,70.9
27,100028,45,0,85.1
28,100028,95,0,100.0
29,100028,130,0,94.8
6,100362,25,0,65.5
7,100362,50,0,46.1
9,100362,130,0,57.6
2,100636,48,0,42.2
6,100182,20,0,81.1
7,100182,45,0,100.0
8,100182,90,0,100.0
1,100824,22,0,29.9
6,100591,20,0,85.1
7,100591,46,0,79.8
8,100591,90,0,67.3
9,100591,136,0,63.9
2,100020,52,0,33.8
12,100846,45,0,56.0
14,100846,130,0,69.4
22,100407,47,0,42.5
23,100407,92,0,73.1
24,100407,130,0,39.7
2,100760,45,0,64.1
4,100760,130,0,84.5
26,100368,24,0,89.5
27,100368,47,0,68.5
2,100145,47,0,42.0
14,100368,130,0,40.6
3,100078,90,0,33.9
28,100463,93,0,33.1
13,100447,90,0,62.3
14,100447,130,0,54.4
12,100579,47,0,52.2
13,100579,93,0,61.7
11,100382,20,0,47.6
12,100382,45,0,57.4
11,100867,24,0,72.9
12,100867,45,0,53.0
13,100867,91,0,57.5
1,100116,27,0,39.2
3,100116,90,0,44.8
4,100116,130,0,36.3
21,100251,20,0,75.2
22,100251,49,0,72.1
23,100251,90,0,67.2
16,100169,21,0,83.0
17,100169,45,0,60.2
18,100169,90,0,70.1
19,100169,130,0,100.0
26,100346,24,0,55.5
16,100400,20,0,57.1
17,100400,54,0,78.3
18,100400,90,0,73.8
19,100400,131,0,85.7
11,100537,24,0,91.2
14,100537,137,0,82.1
17,100373,48,0,66.1
18,100373,90,0,64.2
26,100226,21,0,80.6
27,100226,47,0,98.8
28,100226,99,0,80.7
29,100226,130,0,60.9
22,100053,45,0,66.2
24,100053,130,0,86.8
16,100159,20,0,66.6
17,100159,47,0,51.7
19,100159,136,0,57.7
21,100781,24,0,80.3
22,100781,45,0,95.4
23,100781,94,0,76.1
24,100781,130,0,81.3
17,100767,45,0,84.3
18,100767,90,0,100.0
19,100767,130,0,78.6
18,100516,91,0,69.7
12,100286,49,0,85.5
13,100286,91,0,84.3
18,100629,90,0,31.1
18,100630,90,0,61.7
21,100427,20,0,82.6
22,100427,45,0,73.8
23,100427,90,0,72.4
24,100427,130,0,61.3
11,100621,24,0,64.1
12,100621,46,0,61.6
11,100191,20,0,60.6
12,100191,45,0,63.5
26,100337,20,0,51.4
27,100337,45,0,49.2
28,100337,94,0,82.6
29,100337,131,0,66.6
26,100688,25,0,52.4
1,100374,21,0,71.0
2,100374,45,0,87.5
4,100374,130,0,67.3
6,100466,27,0,68.6
8,100466,90,0,60.0
6,100435,20,0,80.3
7,100435,46,0,57.1
8,100435,91,0,79.3
9,100435,135,0,79.8
26,100516,20,0,49.1
27,100516,45,0,73.7
28,100516,90,0,59.0
1,100328,20,0,66.3
2,100328,46,0,54.9
21,100045,23,0,49.9
22,100045,49,0,60.7
23,100045,90,0,81.3
24,100045,131,0,72.6
22,100885,50,0,69.2
23,100885,90,0,60.9
24,100885,130,0,69.4
21,100469,21,0,55.5
22,100469,49,0,45.3
21,100140,21,0,63.9
23,100140,90,0,77.9
24,100140,134,0,39.1
2,100492,46,0,67.1
4,100492,130,0,59.1
22,100750,49,0,61.4
23,100750,97,0,47.7
1,100470,22,0,50.4
2,100470,52,0,57.9
3,100470,95,0,53.4
4,100470,133,0,40.4
6,100437,22,0,54.5
7,100437,45,0,48.3
8,100437,92,0,64.7
9,100437,130,0,67.4
18,100263,91,0,69.7
22,100873,47,0,57.5
23,100873,91,0,79.3
24,100873,133,0,56.4
2,100535,49,0,57.6
3,100535,90,0,67.8
4,100535,130,0,83.2
16,100224,21,0,76.3
19,100224,130,0,52.0
11,100151,21,0,97.6
12,100151,47,0,75.7
13,100151,90,0,88.9
14,100151,130,0,75.2
18,100038,95,0,93.2
19,100038,130,0,71.9
11,100800,20,0,46.0
13,100800,90,0,49.4
21,100006,20,0,65.5
22,100006,45,0,44.2
23,100006,93,0,70.4
6,100130,24,0,86.6
7,100130,45,0,75.9
8,100130,91,0,83.2
9,100130,133,0,100.0
4,100195,132,0,62.3
1,100856,20,0,27.5
2,100856,45,0,43.7
3,100856,90,0,31.0
1,100625,21,0,80.5
2,100625,49,0,81.0
3,100625,93,0,73.1
4,100625,130,0,100.0
21,100557,20,0,32.3
22,100557,45,0,58.6
6,100821,20,0,69.7
7,100821,45,0,44.0
8,100821,93,0,39.6
9,100821,130,0,35.2
26,100184,20,0,40.5
27,100184,46,0,48.6
21,100165,23,0,62.6
22,100165,51,0,45.2
24,100165,131,0,55.1
11,100384,20,0,100.0
12,100384,48,0,85.9
13,100384,90,0,87.5
14,100384,135,0,100.0
1,100884,23,0,92.1
2,100884,45,0,86.6
3,100884,90,0,50.0
4,100884,130,0,72.8
29,100677,130,0,32.2
1,100427,20,0,47.5
3,100427,90,0,53.9
4,100427,130,0,48.9
21,100173,20,0,42.4
23,100173,95,0,32.2
24,100173,130,0,59.4
1,100887,20,0,46.9
3,100887,90,0,66.7
4,100887,132,0,69.0
26,100605,21,0,78.7
27,100605,45,0,89.1
28,100605,91,0,90.7
29,100605,135,0,45.5
1,100553,20,0,73.6
2,100553,45,0,63.0
3,100553,91,0,72.2
4,100553,131,0,74.9
7,100700,45,0,55.4
8,100700,90,0,49.8
21,100636,20,0,36.8
26,100666,22,0,99.6
2,100147,45,0,71.4
3,100147,95,0,50.1
4,100147,130,0,75.1
26,100533,26,0,58.9
24,100685,130,0,63.0
1,100725,20,0,78.7
2,100725,51,0,91.3
3,100725,92,0,79.8
4,100725,130,0,75.7
2,100713,51,0,24.6
4,100713,130,0,48.2
26,100710,20,0,72.0
27,100710,45,0,70.1
28,100710,94,0,78.4
29,100710,137,0,81.9
26,100855,23,0,66.4
27,100855,45,0,48.6
28,100855,91,0,66.3
29,100855,131,0,78.8
11,100336,20,0,79.0
12,100336,45,0,60.1
13,100336,90,0,93.8
14,100336,130,0,79.9
6,100696,20,0,57.5
9,100696,130,0,43.3
6,100640,21,0,38.7
11,100354,20,0,66.5
13,100354,90,0,76.8
26,100785,20,0,56.3
27,100785,48,0,56.6
1,100541,22,0,76.1
2,100541,45,0,91.8
3,100541,95,0,86.1
4,100541,130,0,88.8
12,100003,45,0,73.1
13,100003,90,0,67.2
14,100003,132,0,77.8
11,100786,20,0,95.0
12,100786,45,0,74.1
13,100786,90,0,84.5
14,100786,130,0,65.3
22,100114,48,0,47.6
23,100114,93,0,53.3
24,100114,130,0,56.3
8,100676,94,0,55.5
26,100648,23,0,43.0
27,100893,47,0,59.9
28,100893,92,0,47.3
21,100433,20,0,91.2
22,100433,46,0,61.8
23,100433,93,0,79.1
14,100411,134,0,63.4
16,100345,20,0,72.6
17,100345,48,0,54.4
19,100345,130,0,76.6
21,100184,20,0,53.7
22,100184,48,0,60.2
21,100479,22,0,77.1
22,100479,46,0,72.9
23,100479,90,0,58.4
24,100479,130,0,83.9
7,100606,45,0,66.0
8,100606,90,0,78.3
26,100663,20,0,72.3
27,100663,47,0,74.1
28,100663,90,0,68.5
1,100696,26,0,93.8
2,100696,45,0,57.1
3,100696,90,0,67.3
4,100696,133,0,53.3
11,100025,23,0,45.1
13,100025,90,0,52.0
14,100025,131,0,72.4
11,100795,20,0,72.9
13,100795,90,0,72.7
14,100795,130,0,59.6
16,100033,20,0,74.4
22,100039,47,0,41.4
28,100377,95,0,41.6
29,100377,130,0,56.1
1,100444,20,0,76.5
2,100444,45,0,75.5
3,100444,92,0,65.0
4,100444,132,0,80.9
1,100326,24,0,59.1
2,100326,49,0,84.2
3,100326,91,0,47.4
4,100326,131,0,53.6
3,100285,90,0,55.8
26,100654,21,0,42.1
11,100349,20,0,76.8
12,100349,46,0,56.6
13,100349,94,0,71.3
14,100349,133,0,70.9
21,100089,24,0,73.9
22,100089,45,0,72.0
23,100089,90,0,63.0
24,100089,132,0,76.4
21,100383,25,0,77.3
22,100383,49,0,57.9
23,100383,93,0,59.1
24,100383,130,0,68.4
1,100191,23,0,53.9
2,100191,48,0,65.2
3,100191,93,0,79.2
6,100881,20,0,34.3
7,100881,49,0,62.4
9,100881,130,0,47.1
11,100766,20,0,65.7
13,100766,90,0,61.1
11,100476,24,0,92.4
14,100476,136,0,56.7
21,100805,20,0,82.2
22,100805,47,0,69.6
24,100805,130,0,87.0
9,100750,130,0,42.9
3,100312,90,0,40.5
1,100573,20,0,74.5
2,100573,45,0,100.0
3,100573,90,0,93.5
4,100573,130,0,100.0
12,100367,45,0,60.9
13,100603,96,0,50.5
11,100554,21,0,52.6
26,100248,22,0,59.1
28,100248,94,0,65.9
29,100248,135,0,78.9
17,100329,45,0,47.4
18,100329,90,0,55.6
21,100276,22,0,70.6
23,100276,90,0,80.2
26,100734,20,0,80.6
27,100734,47,0,73.4
29,100734,130,0,76.9
1,100474,20,0,61.7
2,100474,47,0,61.8
3,100474,93,0,59.0
4,100474,134,0,67.3
6,100781,21,0,74.8
8,100781,91,0,77.2
9,100781,130,0,53.6
18,100213,90,0,77.5
18,100505,90,0,62.6
12,100884,50,0,57.9
13,100884,90,0,46.0
1,100484,20,0,72.1
3,100484,91,0,41.7
26,100730,23,0,67.1
27,100730,45,0,100.0
28,100730,90,0,85.6
29,100730,133,0,82.4
1,100711,23,0,89.7
2,100711,45,0,96.2
3,100711,90,0,87.3
4,100711,132,0,100.0
26,100759,23,0,94.7
27,100759,45,0,100.0
28,100759,90,0,100.0
29,100759,130,0,99.0
26,100616,20,0,60.8
1,100878,20,0,89.3
2,100878,46,0,78.9
3,100878,93,0,70.9
4,100878,134,0,79.5
26,100048,20,0,70.0
27,100048,45,0,96.8
28,100048,90,0,76.4
29,100048,132,0,67.7
21,100517,20,0,37.3
22,100517,45,0,63.7
24,100517,130,0,38.4
2,100356,47,0,61.4
16,100380,20,0,27.8
17,100380,45,0,65.9
19,100380,130,0,65.6
6,100528,20,0,50.8
7,100528,46,0,70.9
8,100528,93,0,43.9
9,100528,130,0,51.5
6,100230,20,0,81.2
7,100230,46,0,71.6
8,100230,94,0,77.6
9,100230,130,0,64.9
8,100337,90,0,77.4
2,100095,45,0,34.0
4,100095,130,0,48.4
11,100891,22,0,81.0
12,100891,51,0,67.9
13,100891,91,0,70.9
14,100891,130,0,64.5
16,100466,20,0,68.5
17,100466,48,0,72.7
18,100466,92,0,73.1
19,100466,134,0,78.9
2,100336,49,0,65.6
4,100336,130,0,80.5
3,100568,90,0,31.0
4,100568,130,0,49.9
26,100119,24,0,60.5
28,100119,93,0,31.8
26,100727,22,0,60.1
27,100727,47,0,63.8
11,100141,20,0,72.8
12,100141,46,0,88.3
13,100141,90,0,80.5
14,100141,132,0,88.3
24,100503,130,0,66.5
11,100672,20,0,75.5
12,100672,50,0,86.0
13,100672,90,0,70.8
14,100672,130,0,100.0
6,100742,23,0,97.1
7,100742,45,0,66.3
8,100742,91,0,62.3
9,100742,130,0,71.4
12,100465,45,0,75.7
14,100465,130,0,63.2
6,100122,20,0,90.5
7,100122,45,0,64.0
8,100122,90,0,94.7
9,100122,133,0,84.9
7,100076,47,0,76.0
8,100076,94,0,63.0
9,100076,135,0,64.0
8,100071,93,0,72.0
9,100344,134,0,38.2
29,100215,130,0,34.2
21,100187,20,0,90.6
22,100187,46,0,79.3
23,100187,91,0,100.0
24,100187,130,0,92.4
2,100042,45,0,30.9
21,100831,20,0,54.4
22,100831,45,0,64.0
24,100831,130,0,51.6
16,100274,26,0,89.8
17,100274,49,0,79.3
18,100274,91,0,96.9
12,100461,47,0,78.7
13,100461,93,0,64.1
7,100240,46,0,61.2
9,100240,130,0,72.6
6,100689,20,0,28.4
8,100689,90,0,47.8
3,100425,91,0,36.4
4,100425,134,0,43.9
11,100459,23,0,58.2
12,100459,46,0,60.5
14,100459,133,0,50.1
6,100150,20,0,59.8
7,100150,45,0,68.2
8,100150,92,0,69.5
9,100150,130,0,35.4
11,100648,22,0,39.8
12,100648,47,0,40.2
13,100648,90,0,32.3
26,100299,21,0,91.5
27,100299,45,0,60.6
28,100299,90,0,70.8
29,100299,131,0,45.7
11,100290,20,0,70.4
12,100290,51,0,53.9
14,100290,133,0,77.8
7,100596,48,0,69.7
8,100596,92,0,53.8
9,100596,133,0,98.4
26,100756,21,0,71.6
28,100756,92,0,55.4
6,100810,20,0,71.5
1,100414,22,0,57.8
4,100414,130,0,53.1
18,100713,90,0,73.5
19,100713,130,0,54.0
1,100507,20,0,50.0
3,100507,90,0,44.8
27,100320,47,0,39.4
28,100320,90,0,51.3
26,100073,20,0,58.4
1,100891,20,0,58.6
3,100891,95,0,68.2
4,100891,132,0,67.5
14,100408,133,0,60.3
12,100712,45,0,50.0
27,100280,45,0,72.8
28,100280,90,0,97.9
29,100280,131,0,89.3
13,100176,90,0,66.9
14,100176,135,0,58.4
1,100744,21,0,46.4
6,100092,20,0,76.2
7,100092,50,0,67.0
8,100092,95,0,67.0
9,100092,130,0,42.7
6,100859,23,0,34.0
7,100859,45,0,35.5
6,100077,21,0,58.2
8,100077,92,0,36.6
9,100077,130,0,79.8
21,100669,22,0,79.4
24,100669,130,0,56.5
16,100759,20,0,82.4
17,100759,47,0,77.9
18,100759,90,0,71.3
19,100759,130,0,64.8
6,100002,20,0,65.7
8,100002,90,0,98.4
9,100002,131,0,65.2
21,100633,20,0,68.7
22,100633,45,0,83.6
23,100633,95,0,100.0
24,100633,133,0,78.2
26,100182,24,0,65.6
27,100182,45,0,77.5
28,100182,91,0,52.2
29,100182,130,0,55.8
26,100590,22,0,46.9
6,100698,20,0,70.1
7,100698,48,0,79.9
8,100698,93,0,82.3
9,100698,132,0,96.0
26,100527,20,0,100.0
27,100527,48,0,90.5
28,100527,90,0,80.0
29,100527,130,0,100.0
11,100477,20,0,81.5
12,100477,45,0,96.2
13,100477,90,0,93.2
14,100477,134,0,81.2
16,100309,20,0,70.4
18,100309,90,0,66.1
6,100539,20,0,57.0
8,100539,90,0,53.9
1,100756,21,0,50.3
3,100756,90,0,34.2
17,100279,53,0,62.4
17,100154,51,0,70.5
19,100154,133,0,56.6
13,100374,96,0,60.3
14,100374,131,0,67.0
13,100142,93,0,24.1
14,100142,130,0,45.2
22,100684,49,0,47.0
26,100171,21,0,67.8
27,100171,46,0,61.4
28,100171,90,0,73.2
29,100171,130,0,82.4
21,100617,20,0,96.4
22,100617,48,0,83.1
23,100617,91,0,92.1
24,100617,135,0,73.4
21,100394,23,0,82.1
22,100394,45,0,87.0
23,100394,96,0,97.6
24,100394,130,0,82.4
26,100012,24,0,47.1
27,100012,45,0,55.7
9,100630,132,0,15.4
23,100767,90,0,43.3
24,100767,134,0,55.0
1,100397,25,0,42.8
3,100397,92,0,60.7
26,100828,21,0,83.4
27,100828,45,0,76.2
28,100828,90,0,76.5
29,100828,130,0,84.0
17,100786,45,0,54.6
18,100786,91,0,60.0
19,100786,130,0,82.1
22,100668,48,0,59.3
2,100441,48,0,54.0
4,100441,130,0,62.2
16,100566,20,0,63.6
18,100566,90,0,62.5
26,100168,20,0,76.8
27,100168,47,0,72.1
28,100168,90,0,91.0
29,100168,130,0,93.7
11,100114,20,0,72.2
12,100114,45,0,75.2
13,100114,93,0,65.4
1,100166,20,0,83.5
2,100166,48,0,88.3
3,100166,92,0,57.5
4,100166,130,0,83.4
21,100707,21,0,60.2
22,100707,49,0,71.5
23,100707,94,0,14.4
1,100428,22,0,13.5
13,100085,93,0,49.4
17,100714,51,0,89.8
18,100714,90,0,60.6
11,100363,20,0,68.7
12,100363,45,0,75.3
13,100363,91,0,58.8
14,100363,130,0,61.9
11,100874,22,0,64.9
12,100874,45,0,59.5
13,100874,90,0,76.8
14,100874,135,0,64.8
11,100665,20,0,96.4
12,100665,49,0,99.0
13,100665,91,0,98.3
14,100665,130,0,100.0
1,100131,24,0,61.5
2,100131,48,0,57.8
4,100131,130,0,50.6
26,100148,20,0,58.4
27,100148,45,0,53.5
29,100148,132,0,66.7
1,100342,20,0,55.0
4,100342,134,0,54.2
7,100720,45,0,47.2
8,100720,90,0,50.3
9,100720,130,0,72.8
11,100532,24,0,88.5
12,100532,45,0,71.0
13,100532,90,0,87.5
14,100532,130,0,79.0
12,100433,49,0,59.3
21,100743,23,0,100.0
22,100743,47,0,99.2
23,100743,90,0,72.5
24,100743,133,0,69.4
6,100161,22,0,82.9
8,100161,91,0,60.5
9,100161,134,0,30.9
1,100657,21,0,85.8
2,100657,45,0,61.8
3,100657,92,0,77.9
4,100657,130,0,59.8
16,100384,21,0,40.5
17,100384,52,0,49.6
18,100384,92,0,56.5
26,100680,21,0,62.5
28,100680,90,0,64.8
17,100080,45,0,63.7
18,100080,92,0,56.1
19,100080,130,0,47.1
11,100740,20,0,39.3
13,100740,91,0,68.8
14,100740,131,0,58.0
11,100586,24,0,34.1
12,100586,46,0,68.0
14,100586,130,0,64.6
27,100865,45,0,55.1
28,100865,92,0,54.6
29,100865,133,0,46.2
24,100017,132,0,49.7
26,100683,20,0,94.7
27,100683,45,0,100.0
28,100683,90,0,91.4
29,100683,133,0,100.0
6,100039,20,0,70.6
6,100393,26,0,66.0
7,100393,45,0,66.2
8,100393,90,0,82.2
9,100393,134,0,68.3
21,100620,20,0,35.6
24,100620,130,0,49.3
7,100309,46,0,80.4
9,100309,130,0,61.7
13,100264,90,0,33.9
14,100264,132,0,41.5
6,100541,21,0,66.1
7,100541,45,0,68.5
8,100541,90,0,38.9
16,100762,20,0,64.3
18,100762,90,0,57.5
19,100762,132,0,68.7
6,100578,20,0,92.1
7,100578,47,0,95.0
8,100578,90,0,83.7
9,100578,130,0,67.3
17,100253,45,0,63.1
18,100253,93,0,49.1
21,100628,26,0,60.6
22,100628,45,0,64.8
23,100628,90,0,86.7
24,100628,134,0,79.8
21,100273,20,0,47.9
22,100273,49,0,71.2
23,100273,90,0,76.1
24,100273,130,0,65.7
3,100831,90,0,57.1
16,100093,20,0,100.0
17,100093,45,0,100.0
18,100093,90,0,89.1
19,100093,132,0,100.0
2,100851,49,0,50.7
1,100640,22,0,100.0
2,100640,45,0,100.0
3,100640,90,0,83.4
4,100640,130,0,85.6
11,100601,22,0,91.9
12,100601,45,0,70.6
14,100601,130,0,77.3
16,100020,22,0,100.0
17,100020,47,0,73.7
18,100020,90,0,63.8
19,100020,133,0,59.3
16,100281,21,0,68.0
18,100281,90,0,78.2
19,100281,132,0,56.8
1,100289,22,0,88.1
2,100289,50,0,91.9
3,100289,92,0,94.3
4,100289,130,0,95.5
18,100784,90,0,49.9
19,100784,131,0,28.9
27,100272,46,0,52.9
29,100272,130,0,56.3
26,100314,20,0,88.2
27,100314,45,0,67.8
29,100314,132,0,66.7
1,100534,20,0,60.7
2,100534,48,0,71.4
21,100146,20,0,62.9
22,100146,49,0,71.3
23,100146,96,0,69.6
16,100458,25,0,100.0
17,100458,45,0,87.4
18,100458,91,0,87.2
19,100458,134,0,90.8
11,100008,20,0,45.4
14,100008,132,0,48.6
22,100172,49,0,42.8
23,100172,92,0,57.8
24,100172,133,0,62.7
26,100192,20,0,43.7
28,100192,92,0,81.0
6,100677,20,0,66.4
7,100677,45,0,81.4
8,100677,96,0,85.3
9,100677,130,0,80.1
21,100774,20,0,48.0
22,100774,45,0,57.9
16,100659,20,0,66.2
17,100659,45,0,75.1
18,100659,90,0,67.1
19,100659,130,0,77.9
7,100366,46,0,53.3
26,100261,20,0,39.7
1,100503,20,0,72.7
2,100503,45,0,79.7
3,100503,96,0,94.1
4,100503,137,0,95.5
28,100565,93,0,60.8
29,100565,135,0,77.5
22,100304,45,0,55.8
6,100294,25,0,56.9
7,100294,45,0,47.4
1,100893,23,0,70.3
2,100893,45,0,57.4
3,100893,92,0,58.3
4,100893,130,0,60.6
16,100889,22,0,72.8
17,100889,47,0,53.4
18,100889,90,0,47.9
26,100051,20,0,57.3
27,100051,45,0,72.0
21,100270,20,0,76.1
22,100270,45,0,57.7
23,100270,90,0,66.1
24,100270,136,0,71.2
26,100026,25,0,61.1
27,100026,45,0,65.9
28,100026,90,0,56.6
29,100026,134,0,61.6
1,100781,20,0,87.4
2,100781,45,0,94.1
3,100781,90,0,86.4
4,100781,130,0,69.1
11,100157,20,0,54.2
12,100157,46,0,57.8
13,100157,91,0,68.4
3,100421,90,0,72.1
4,100421,130,0,55.5
18,100750,90,0,62.7
17,100321,45,0,53.3
19,100321,132,0,80.4
21,100126,21,0,84.3
23,100126,96,0,79.7
24,100126,135,0,86.1
1,100454,20,0,60.8
4,100454,131,0,51.6
17,100703,50,0,53.1
19,100703,130,0,55.2
21,100657,20,0,52.3
23,100657,97,0,69.0
16,100761,26,0,87.8
18,100761,92,0,52.0
19,100761,130,0,65.4
1,100119,23,0,44.9
2,100119,45,0,80.1
3,100119,90,0,51.0
4,100119,131,0,66.8
11,100894,23,0,76.1
12,100894,45,0,62.2
13,100894,90,0,74.3
14,100894,135,0,57.3
1,100313,20,0,76.7
2,100313,45,0,95.1
3,100313,90,0,81.3
4,100313,134,0,100.0
11,100703,25,0,85.8
12,100703,45,0,75.1
13,100703,90,0,70.0
14,100703,132,0,85.6
19,100565,130,0,49.1
6,100744,24,0,52.3
7,100744,52,0,47.6
8,100744,90,0,48.1
7,100170,45,0,55.2
22,100233,51,0,29.6
24,100495,131,0,48.7
26,100433,20,0,40.0
16,100423,20,0,82.6
17,100423,48,0,72.0
18,100423,90,0,76.6
19,100423,135,0,77.6
21,100178,21,0,62.1
22,100178,45,0,39.2
24,100178,130,0,62.6
16,100132,20,0,95.1
17,100132,50,0,99.5
18,100132,94,0,100.0
19,100132,130,0,97.4
1,100223,20,0,65.9
2,100223,47,0,49.0
3,100223,94,0,49.0
4,100223,130,0,48.6
9,100009,138,0,51.4
6,100080,20,0,49.7
7,100080,45,0,77.1
9,100080,131,0,59.0
26,100507,20,0,48.4
28,100507,91,0,58.4
1,100197,21,0,84.9
3,100197,90,0,73.8
4,100197,130,0,61.4
21,100088,20,0,97.3
22,100088,45,0,93.3
23,100088,93,0,100.0
24,100088,134,0,82.4
21,100038,20,0,47.8
7,100320,49,0,30.7
26,100711,21,0,94.2
27,100711,46,0,64.6
28,100711,90,0,72.7
6,100849,25,0,95.9
7,100849,50,0,83.9
9,100849,133,0,95.7
8,100361,92,0,53.2
2,100517,45,0,61.4
4,100517,130,0,36.1
1,100101,23,0,43.3
1,100527,24,0,69.5
2,100527,46,0,61.2
3,100527,91,0,78.4
7,100450,47,0,60.0
8,100450,91,0,52.5
13,100122,93,0,43.7
4,100381,131,0,43.5
9,100501,133,0,64.7
28,100882,90,0,45.1
29,100882,137,0,76.0
7,100224,46,0,51.2
2,100071,45,0,30.1
6,100027,20,0,62.9
7,100027,45,0,68.0
9,100027,130,0,53.6
26,100097,20,0,83.4
27,100097,45,0,77.2
28,100097,90,0,74.8
29,100097,130,0,85.1
16,100826,20,0,82.6
17,100826,45,0,70.6
19,100826,130,0,62.9
8,100397,90,0,59.7
26,100351,22,0,96.3
27,100351,46,0,100.0
28,100351,94,0,98.0
29,100351,131,0,83.0
4,100338,131,0,57.0
16,100183,20,0,100.0
17,100183,45,0,85.7
18,100183,90,0,58.0
19,100183,133,0,95.6
17,100791,45,0,45.3
18,100791,90,0,48.9
19,100791,130,0,48.5
26,100833,20,0,99.6
27,100833,46,0,79.6
28,100833,90,0,88.2
29,100833,132,0,100.0
6,100406,27,0,51.7
7,100406,48,0,63.6
9,100406,131,0,57.0
13,100673,90,0,51.6
12,100781,45,0,80.2
13,100781,92,0,52.0
14,100781,130,0,75.5
22,100890,47,0,81.3
23,100890,94,0,80.8
27,100786,51,0,67.4
16,100405,20,0,65.6
17,100405,45,0,57.7
19,100405,130,0,44.4
11,100751,20,0,68.4
12,100751,46,0,86.1
13,100751,92,0,71.2
21,100661,20,0,65.2
22,100661,45,0,58.5
23,100661,94,0,42.7
17,100506,47,0,33.6
19,100506,130,0,66.2
1,100450,20,0,84.5
2,100450,45,0,75.0
3,100450,90,0,73.8
4,100450,134,0,98.0
1,100850,20,0,95.1
2,100850,47,0,76.8
3,100850,92,0,80.1
4,100850,130,0,84.2
12,100818,46,0,62.0
13,100818,90,0,72.8
26,100841,20,0,76.7
27,100841,45,0,71.9
28,100841,91,0,63.4
29,100841,131,0,84.1
18,100301,90,0,59.6
8,100675,90,0,75.7
21,100845,24,0,56.2
1,100895,20,0,54.0
2,100895,47,0,66.4
4,100895,130,0,60.3
21,100345,22,0,70.2
22,100345,50,0,48.4
23,100345,90,0,75.0
24,100345,134,0,88.8
21,100222,25,0,82.8
22,100222,49,0,84.0
24,100222,133,0,57.7
8,100735,91,0,62.2
9,100735,130,0,45.0
26,100104,20,0,68.5
27,100104,45,0,81.2
28,100104,96,0,68.6
29,100104,135,0,51.8
27,100588,50,0,43.2
12,100039,46,0,63.1
14,100039,130,0,52.0
22,100541,48,0,32.2
23,100541,94,0,53.9
21,100472,25,0,57.3
22,100472,47,0,52.1
23,100472,95,0,46.5
24,100472,135,0,60.1
1,100542,23,0,53.6
4,100542,134,0,65.1
21,100085,20,0,51.4
26,100884,22,0,61.6
1,100471,20,0,68.3
4,100471,131,0,37.0
26,100035,23,0,56.4
6,100379,20,0,75.2
7,100379,45,0,90.2
8,100379,90,0,74.4
9,100379,130,0,100.0
11,100420,20,0,80.7
12,100420,45,0,79.5
13,100420,92,0,76.0
14,100420,133,0,93.2
22,100324,47,0,82.7
6,100409,20,0,100.0
7,100409,46,0,99.5
9,100409,130,0,74.1
2,100749,45,0,86.2
3,100749,90,0,52.6
8,100041,91,0,51.9
1,100186,20,0,85.3
2,100186,46,0,70.0
4,100186,130,0,72.0
18,100493,92,0,60.8
19,100493,131,0,54.5
11,100448,20,0,73.7
12,100448,52,0,95.6
13,100448,90,0,87.3
14,100448,132,0,82.0
6,100262,21,0,59.6
9,100262,134,0,78.7
17,100803,48,0,66.5
19,100803,132,0,75.6
17,100834,47,0,49.2
19,100834,130,0,49.7
16,100172,20,0,66.8
17,100172,46,0,61.4
19,100172,131,0,76.7
1,100797,20,0,62.7
4,100797,132,0,41.9
16,100880,25,0,36.2
1,100683,20,0,81.3
2,100683,49,0,100.0
3,100683,90,0,100.0
4,100683,130,0,100.0
4,100190,134,0,43.4
24,100280,133,0,26.9
11,100826,20,0,76.0
13,100826,90,0,83.5
14,100826,130,0,87.2
21,100895,20,0,45.9
22,100895,45,0,62.9
23,100895,90,0,89.9
24,100895,130,0,67.0
16,100429,23,0,68.1
17,100429,45,0,91.3
18,100429,91,0,58.9
19,100429,130,0,97.3
7,100497,49,0,36.2
26,100294,21,0,64.4
27,100294,47,0,66.9
13,100430,90,0,26.5
14,100430,133,0,43.6
3,100634,96,0,35.8
16,100042,20,0,70.7
17,100042,46,0,39.6
6,100806,20,0,91.7
7,100806,49,0,80.0
8,100806,90,0,100.0
21,100403,21,0,67.3
23,100403,93,0,67.9
22,100691,45,0,72.0
23,100691,90,0,59.6
24,100691,132,0,43.0
1,100323,27,0,65.8
2,100323,48,0,61.9
4,100323,132,0,84.1
26,100485,22,0,37.1
27,100485,46,0,53.5
28,100485,90,0,75.6
29,100485,139,0,63.5
21,100525,23,0,74.0
22,100525,47,0,47.1
12,100087,50,0,35.7
13,100087,92,0,46.0
21,100880,20,0,66.2
23,100880,90,0,78.7
24,100880,132,0,63.2
21,100401,26,0,29.3
16,100648,20,0,55.3
17,100648,49,0,69.2
19,100648,130,0,39.4
16,100725,20,0,41.8
17,100725,52,0,64.6
13,100434,90,0,65.3
14,100434,133,0,58.7
22,100221,52,0,60.4
23,100221,95,0,67.8
24,100221,132,0,76.9
13,100227,90,0,51.7
17,100542,49,0,43.9
11,100317,23,0,67.5
12,100317,46,0,93.8
13,100317,90,0,92.2
14,100317,133,0,94.1
21,100337,20,0,52.9
22,100642,48,0,63.6
24,100642,130,0,69.7
1,100674,20,0,78.0
2,100674,45,0,87.6
3,100674,91,0,73.4
4,100674,136,0,68.8
6,100580,22,0,62.6
9,100580,130,0,49.5
11,100081,22,0,82.7
12,100081,45,0,76.3
13,100081,90,0,71.4
14,100081,133,0,78.1
11,100610,23,0,78.0
12,100610,45,0,57.0
13,100610,91,0,73.0
14,100610,133,0,65.9
22,100240,49,0,59.0
23,100240,90,0,47.9
24,100240,130,0,72.7
11,100723,22,0,47.0
12,100723,50,0,84.1
14,100723,130,0,82.5
11,100738,20,0,35.1
13,100738,93,0,60.3
14,100738,133,0,55.8
28,100039,92,0,69.7
29,100039,133,0,87.6
11,100809,20,0,45.7
12,100809,46,0,47.0
14,100809,130,0,72.6
12,100488,45,0,62.2
14,100488,130,0,54.7
16,100327,21,0,71.8
17,100327,46,0,74.9
18,100327,93,0,80.6
19,100327,133,0,68.6
21,100156,20,0,14.9
24,100156,132,0,54.1
12,100172,48,0,78.3
14,100172,135,0,67.9
18,100837,90,0,41.5
11,100625,22,0,64.0
12,100625,45,0,74.8
13,100625,93,0,62.3
14,100625,130,0,39.7
1,100467,27,0,100.0
2,100467,45,0,98.0
3,100467,90,0,97.9
4,100467,130,0,86.5
16,100822,23,0,86.3
17,100822,45,0,90.7
18,100822,90,0,75.1
19,100822,134,0,79.2
1,100607,21,0,75.9
2,100607,45,0,84.1
3,100607,90,0,81.7
4,100607,130,0,58.5
1,100571,20,0,71.8
4,100571,131,0,57.8
6,100174,24,0,59.0
7,100174,53,0,56.6
16,100342,20,0,65.7
17,100342,45,0,62.7
18,100342,90,0,49.8
19,100342,130,0,57.3
13,100861,90,0,29.3
17,100562,47,0,50.8
18,100562,90,0,59.6
26,100580,22,0,82.7
27,100580,46,0,68.6
28,100580,96,0,69.6
29,100580,130,0,47.5
23,100105,94,0,61.9
21,100298,20,0,84.7
22,100298,45,0,76.5
23,100298,90,0,88.0
24,100298,130,0,71.6
1,100776,20,0,37.3
3,100776,90,0,56.0
4,100776,133,0,56.9
6,100803,20,0,90.6
7,100803,47,0,85.5
9,100803,131,0,83.0
14,100007,130,0,67.1
26,100084,20,0,35.9
27,100084,45,0,80.3
29,100084,130,0,58.5
6,100729,23,0,57.2
7,100729,45,0,71.2
8,100729,91,0,73.8
9,100729,134,0,62.1
6,100268,21,0,73.0
8,100268,90,0,57.5
9,100268,130,0,73.1
21,100762,20,0,70.8
22,100762,45,0,50.3
23,100762,90,0,75.5
24,100762,134,0,64.7
23,100239,91,0,47.1
6,100405,20,0,49.3
7,100405,46,0,78.6
8,100405,96,0,81.9
9,100405,133,0,58.5
14,100611,133,0,49.4
12,100040,45,0,57.8
13,100040,90,0,72.4
6,100463,20,0,60.9
8,100463,95,0,72.6
6,100730,21,0,58.5
7,100730,45,0,78.7
8,100730,92,0,53.4
9,100730,130,0,62.8
16,100534,21,0,72.9
17,100534,45,0,56.4
19,100534,135,0,78.8
16,100420,20,0,75.9
19,100420,130,0,41.8
11,100608,25,0,55.6
12,100608,45,0,84.5
13,100608,90,0,60.3
14,100608,130,0,67.3
21,100474,20,0,86.0
23,100474,94,0,100.0
24,100474,135,0,78.1
6,100731,27,0,66.5
7,100731,46,0,34.1
6,100141,24,0,64.4
7,100141,47,0,75.9
8,100141,91,0,56.7
9,100141,130,0,76.2
26,100115,20,0,53.8
26,100606,21,0,75.5
27,100606,47,0,72.0
28,100606,90,0,59.9
29,100606,130,0,77.7
1,100842,20,0,95.2
2,100842,52,0,85.5
3,100842,90,0,73.5
4,100842,130,0,87.3
16,100222,20,0,20.0
18,100222,90,0,61.1
22,100193,46,0,72.9
24,100193,130,0,58.8
12,100273,45,0,33.8
14,100273,130,0,41.0
26,100603,24,0,59.9
28,100603,93,0,83.7
26,100520,25,0,91.9
27,100520,49,0,86.4
28,100520,92,0,85.3
29,100520,131,0,100.0
21,100476,21,0,62.0
22,100476,45,0,65.6
23,100476,93,0,73.9
24,100476,130,0,70.6
16,100000,20,0,67.5
19,100000,135,0,56.1
6,100721,24,0,76.8
7,100721,45,0,56.7
9,100721,135,0,77.9
2,100694,51,0,73.3
3,100694,90,0,63.8
4,100694,132,0,87.8
16,100195,21,0,40.9
17,100195,45,0,42.1
18,100195,93,0,64.3
29,100369,130,0,73.5
4,100795,135,0,34.8
21,100858,20,0,78.7
22,100858,45,0,73.6
23,100858,91,0,69.3
24,100858,131,0,62.2
4,100228,131,0,36.0
18,100237,93,0,39.6
12,100670,47,0,69.6
14,100670,133,0,52.1
16,100884,20,0,70.7
17,100884,46,0,76.9
18,100884,90,0,78.1
19,100884,130,0,94.2
26,100382,20,0,56.5
29,100382,130,0,67.6
26,100509,27,0,5.0
27,100509,53,0,21.1
28,100509,90,0,24.6
29,100509,130,0,66.1
23,100261,94,0,66.2
6,100249,22,0,52.8
7,100249,47,0,79.8
9,100249,135,0,75.8
2,100748,45,0,71.3
11,100203,22,0,52.0
12,100203,47,0,77.2
13,100203,91,0,58.3
14,100203,130,0,72.7
23,100220,94,0,45.6
27,100157,47,0,53.5
28,100157,93,0,34.2
1,100307,25,0,86.9
4,100307,130,0,76.8
3,100825,92,0,46.9
21,100357,21,0,66.5
24,100357,130,0,75.6
12,100830,52,0,47.4
13,100830,90,0,53.9
14,100830,130,0,75.0
6,100718,20,0,61.9
8,100718,90,0,70.7
9,100718,134,0,75.7
23,100660,90,0,68.8
24,100660,133,0,60.0
18,100787,90,0,46.2
21,100492,25,0,43.8
28,100304,90,0,55.9
29,100304,130,0,77.4
22,100391,45,0,54.0
23,100391,93,0,79.6
24,100391,130,0,81.7
22,100234,45,0,49.9
24,100234,130,0,62.9
26,100400,20,0,40.1
27,100400,50,0,70.1
28,100400,91,0,63.8
29,100400,132,0,77.7
6,100270,20,0,97.8
7,100270,47,0,100.0
8,100270,93,0,100.0
9,100270,131,0,100.0
1,100154,24,0,65.8
2,100154,48,0,57.4
4,100154,130,0,78.9
6,100407,23,0,71.2
8,100407,90,0,61.3
9,100407,130,0,57.2
17,100705,48,0,76.8
18,100705,91,0,80.0
19,100705,130,0,89.0
1,100843,22,0,61.5
2,100843,45,0,82.3
4,100843,130,0,48.8
18,100860,90,0,57.4
16,100639,23,0,55.4
11,100389,22,0,59.5
12,100389,51,0,68.7
13,100389,90,0,57.2
14,100389,131,0,51.7
12,100761,45,0,78.0
14,100761,131,0,74.5
11,100558,20,0,69.3
12,100558,47,0,58.4
29,100420,130,0,39.9
21,100410,20,0,83.1
22,100410,45,0,80.4
23,100410,91,0,70.6
24,100410,130,0,67.5
11,100031,22,0,96.7
12,100031,46,0,89.9
14,100031,134,0,44.2
6,100842,20,0,71.2
7,100842,45,0,81.3
8,100842,90,0,80.0
11,100516,24,0,48.6
13,100516,93,0,56.5
14,100516,130,0,54.6
1,100659,20,0,85.5
3,100659,94,0,57.6
4,100659,132,0,100.0
28,100832,91,0,44.1
21,100438,20,0,58.5
23,100438,90,0,56.0
12,100189,49,0,69.3
13,100189,90,0,54.3
6,100129,23,0,80.3
8,100129,90,0,56.8
2,100200,47,0,68.2
3,100200,90,0,55.1
29,100288,130,0,64.0
11,100298,23,0,58.0
12,100298,46,0,36.2
6,100058,20,0,43.4
7,100058,46,0,57.0
8,100058,90,0,44.0
9,100058,133,0,65.8
21,100323,20,0,42.8
1,100515,20,0,79.1
3,100515,93,0,62.0
4,100515,131,0,69.3
6,100655,20,0,45.3
7,100655,45,0,77.6
8,100655,95,0,78.9
1,100122,20,0,80.8
2,100122,45,0,68.1
3,100122,90,0,47.1
27,100407,49,0,59.8
28,100407,94,0,51.2
1,100052,20,0,70.7
2,100052,45,0,73.6
3,100052,94,0,58.2
4,100052,131,0,58.4
