code_module,code_presentation,id_student,gender,region,highest_education,imd_band,age_band,num_of_prev_attempts,studied_credits,disability,final_result
CCC,2013J,100415,F,Scotland,HE Qualification,90-100%,55<=,1,60,N,Distinction
BBB,2013J,100620,M,London Region,Lower Than A Level,20-30%,35-55,2,30,N,Distinction
CCC,2014J,100726,F,North Western Region,HE Qualification,70-80%,55<=,1,90,N,Pass
BBB,2014J,100658,F,South East Region,Lower Than A Level,50-60%,35-55,0,60,N,Pass
CCC,2014J,100713,F,East Anglian Region,Lower Than A Level,30-40%,0-35,0,30,N,Pass
AAA,2013J,100736,F,East Anglian Region,Lower Than A Level,70-80%,0-35,1,30,N,Fail
AAA,2013J,100341,M,East Anglian Region,A Level or Equivalent,30-40%,35-55,2,30,N,Fail
CCC,2014J,100189,F,South East Region,Lower Than A Level,30-40%,0-35,2,90,Y,Fail
AAA,2013J,100823,F,North Western Region,Post Graduate Qualification,50-60%,35-55,2,120,N,Pass
AAA,2013J,100729,F,London Region,A Level or Equivalent,80-90%,0-35,1,60,N,Distinction
CCC,2014J,100872,M,North Western Region,Post Graduate Qualification,90-100%,35-55,1,30,N,Distinction
AAA,2014J,100812,F,London Region,Post Graduate Qualification,60-70%,0-35,1,90,N,Distinction
BBB,2013J,100268,F,Scotland,Post Graduate Qualification,70-80%,55<=,1,120,N,Pass
AAA,2013J,100459,F,London Region,Post Graduate Qualification,80-90%,0-35,1,30,N,Withdrawn
AAA,2014J,100103,M,North Western Region,Lower Than A Level,20-30%,0-35,1,120,N,Pass
CCC,2013J,100664,M,East Anglian Region,A Level or Equivalent,20-30%,35-55,0,30,Y,Pass
AAA,2013J,100705,F,North Western Region,HE Qualification,50-60%,35-55,2,60,N,Pass
AAA,2013J,100107,M,London Region,HE Qualification,60-70%,35-55,0,90,N,Pass
CCC,2013J,100835,M,East Anglian Region,Lower Than A Level,70-80%,55<=,0,30,N,Withdrawn
CCC,2014J,100082,F,Scotland,HE Qualification,10-20%,0-35,0,60,N,Withdrawn
AAA,2014J,100051,F,London Region,Post Graduate Qualification,80-90%,35-55,2,30,N,Pass
CCC,2014J,100312,M,Scotland,Post Graduate Qualification,40-50%,0-35,0,30,N,Withdrawn
BBB,2013J,100632,M,Scotland,A Level or Equivalent,90-100%,0-35,0,120,N,Fail
CCC,2013J,100800,M,North Western Region,Lower Than A Level,70-80%,0-35,0,30,N,Fail
AAA,2014J,100659,M,London Region,A Level or Equivalent,,0-35,0,30,N,Pass
CCC,2013J,100411,M,London Region,A Level or Equivalent,60-70%,35-55,0,30,N,Fail
BBB,2014J,100104,F,North Western Region,A Level or Equivalent,50-60%,35-55,0,30,N,Withdrawn
CCC,2014J,100256,F,East Anglian Region,A Level or Equivalent,20-30%,0-35,2,90,N,Pass
BBB,2013J,100294,M,Scotland,A Level or Equivalent,40-50%,55<=,0,120,N,Fail
CCC,2014J,100333,M,East Anglian Region,Lower Than A Level,90-100%,0-35,2,30,N,Distinction
BBB,2014J,100475,F,South East Region,A Level or Equivalent,40-50%,0-35,1,90,N,Pass
AAA,2013J,100523,M,East Anglian Region,A Level or Equivalent,0-10%,35-55,1,60,N,Pass
CCC,2014J,100888,M,South East Region,Lower Than A Level,20-30%,0-35,2,30,N,Pass
CCC,2013J,100346,M,East Anglian Region,Post Graduate Qualification,60-70%,0-35,1,90,N,Fail
AAA,2014J,100025,F,Scotland,HE Qualification,60-70%,35-55,1,30,N,Fail
BBB,2014J,100135,M,North Western Region,Post Graduate Qualification,,0-35,0,90,N,Pass
BBB,2013J,100291,M,South East Region,HE Qualification,,0-35,1,90,N,Distinction
BBB,2014J,100696,F,East Anglian Region,Lower Than A Level,50-60%,35-55,0,90,N,Fail
CCC,2013J,100258,M,Scotland,Post Graduate Qualification,60-70%,0-35,1,30,N,Pass
CCC,2014J,100165,M,South East Region,A Level or Equivalent,80-90%,35-55,1,60,N,Fail
AAA,2014J,100487,M,Scotland,HE Qualification,0-10%,35-55,1,90,N,Withdrawn
CCC,2014J,100810,F,Scotland,A Level or Equivalent,60-70%,0-35,1,120,N,Pass
BBB,2014J,100730,F,North Western Region,A Level or Equivalent,50-60%,0-35,0,30,Y,Pass
CCC,2013J,100825,F,East Anglian Region,A Level or Equivalent,80-90%,0-35,0,60,N,Withdrawn
CCC,2014J,100553,M,South East Region,A Level or Equivalent,80-90%,35-55,1,120,N,Withdrawn
BBB,2013J,100011,M,South East Region,HE Qualification,70-80%,0-35,0,60,N,Fail
BBB,2014J,100747,F,South East Region,HE Qualification,70-80%,55<=,0,60,Y,Pass
BBB,2013J,100668,F,Scotland,Lower Than A Level,70-80%,0-35,0,120,N,Fail
CCC,2014J,100155,M,East Anglian Region,Lower Than A Level,60-70%,35-55,1,120,N,Withdrawn
BBB,2013J,100551,F,London Region,Post Graduate Qualification,20-30%,0-35,0,90,N,Fail
AAA,2014J,100210,F,Scotland,HE Qualification,30-40%,0-35,1,90,N,Pass
BBB,2013J,100581,F,South East Region,Post Graduate Qualification,80-90%,0-35,0,90,N,Pass
AAA,2014J,100297,F,North Western Region,HE Qualification,60-70%,35-55,0,60,N,Pass
BBB,2013J,100082,M,South East Region,HE Qualification,20-30%,55<=,0,120,N,Pass
AAA,2013J,100682,M,North Western Region,Post Graduate Qualification,90-100%,0-35,0,30,N,Withdrawn
AAA,2013J,100488,M,North Western Region,HE Qualification,,0-35,1,30,N,Fail
CCC,2013J,100170,M,East Anglian Region,A Level or Equivalent,60-70%,0-35,1,90,N,Distinction
AAA,2014J,100879,F,East Anglian Region,HE Qualification,20-30%,0-35,2,120,N,Distinction
BBB,2013J,100105,F,East Anglian Region,Lower Than A Level,,35-55,0,120,Y,Pass
CCC,2013J,100355,F,London Region,A Level or Equivalent,20-30%,55<=,1,90,N,Withdrawn
CCC,2013J,100546,M,Scotland,HE Qualification,40-50%,35-55,1,60,N,Withdrawn
BBB,2013J,100242,F,South East Region,Lower Than A Level,90-100%,0-35,1,60,N,Withdrawn
AAA,2014J,100508,M,East Anglian Region,HE Qualification,50-60%,0-35,1,60,N,Pass
CCC,2014J,100402,F,South East Region,HE Qualification,20-30%,35-55,1,60,Y,Fail
CCC,2013J,100567,M,North Western Region,A Level or Equivalent,0-10%,0-35,2,60,N,Fail
BBB,2014J,100597,M,East Anglian Region,Lower Than A Level,30-40%,35-55,0,30,N,Pass
AAA,2014J,100451,M,East Anglian Region,HE Qualification,70-80%,0-35,0,60,N,Pass
AAA,2014J,100660,F,Scotland,Post Graduate Qualification,70-80%,0-35,1,120,N,Fail
AAA,2014J,100107,M,Scotland,HE Qualification,20-30%,35-55,1,90,N,Pass
AAA,2014J,100133,M,Scotland,A Level or Equivalent,10-20%,0-35,0,30,N,Pass
CCC,2013J,100109,M,London Region,HE Qualification,70-80%,55<=,0,60,N,Withdrawn
AAA,2014J,100104,F,East Anglian Region,A Level or Equivalent,10-20%,0-35,1,60,N,Distinction
AAA,2013J,100385,M,East Anglian Region,A Level or Equivalent,0-10%,0-35,1,60,N,Distinction
CCC,2013J,100719,M,North Western Region,A Level or Equivalent,50-60%,0-35,0,90,N,Pass
CCC,2014J,100046,M,South East Region,Lower Than A Level,60-70%,0-35,1,120,Y,Fail
AAA,2013J,100258,M,Scotland,Post Graduate Qualification,20-30%,0-35,2,90,N,Distinction
BBB,2014J,100068,F,South East Region,HE Qualification,20-30%,0-35,1,60,N,Pass
BBB,2014J,100137,F,Scotland,Lower Than A Level,20-30%,35-55,2,30,N,Pass
BBB,2014J,100006,M,Scotland,Post Graduate Qualification,30-40%,35-55,0,30,N,Withdrawn
CCC,2013J,100158,F,East Anglian Region,Lower Than A Level,0-10%,0-35,0,120,N,Fail
CCC,2013J,100771,M,London Region,HE Qualification,0-10%,0-35,1,90,Y,Pass
CCC,2013J,100776,F,London Region,Lower Than A Level,40-50%,0-35,0,90,N,Withdrawn
AAA,2014J,100017,M,North Western Region,A Level or Equivalent,0-10%,35-55,0,90,N,Pass
AAA,2013J,100269,M,East Anglian Region,HE Qualification,30-40%,35-55,0,120,N,Withdrawn
BBB,2014J,100484,M,East Anglian Region,Post Graduate Qualification,60-70%,0-35,2,120,N,Pass
AAA,2013J,100011,M,London Region,Post Graduate Qualification,0-10%,0-35,1,30,N,Fail
AAA,2013J,100171,F,East Anglian Region,Lower Than A Level,60-70%,0-35,1,30,N,Pass
CCC,2013J,100737,F,North Western Region,Lower Than A Level,60-70%,0-35,0,60,N,Pass
AAA,2013J,100250,M,South East Region,Post Graduate Qualification,60-70%,55<=,0,90,N,Withdrawn
AAA,2013J,100117,F,London Region,Post Graduate Qualification,80-90%,0-35,2,30,N,Pass
AAA,2014J,100570,M,East Anglian Region,A Level or Equivalent,0-10%,0-35,1,30,N,Pass
AAA,2014J,100619,F,South East Region,Lower Than A Level,10-20%,0-35,0,60,N,Distinction
BBB,2014J,100268,F,London Region,HE Qualification,30-40%,35-55,0,90,N,Fail
BBB,2013J,100398,M,North Western Region,Lower Than A Level,70-80%,0-35,1,90,Y,Pass
CCC,2013J,100874,M,East Anglian Region,Lower Than A Level,90-100%,0-35,0,30,N,Fail
AAA,2014J,100855,M,London Region,Post Graduate Qualification,,0-35,0,30,N,Pass
BBB,2014J,100879,F,East Anglian Region,A Level or Equivalent,60-70%,35-55,0,120,N,Pass
BBB,2014J,100203,F,North Western Region,Lower Than A Level,40-50%,0-35,0,90,N,Fail
BBB,2013J,100630,M,Scotland,HE Qualification,40-50%,55<=,1,120,Y,Pass
CCC,2013J,100840,F,South East Region,A Level or Equivalent,0-10%,0-35,0,120,N,Fail
AAA,2014J,100794,F,East Anglian Region,HE Qualification,50-60%,0-35,0,120,N,Pass
BBB,2014J,100558,M,North Western Region,Post Graduate Qualification,50-60%,55<=,0,90,N,Withdrawn
CCC,2014J,100131,F,East Anglian Region,Lower Than A Level,20-30%,35-55,0,120,N,Distinction
CCC,2014J,100697,M,North Western Region,HE Qualification,80-90%,0-35,0,60,N,Fail
BBB,2013J,100293,F,London Region,Post Graduate Qualification,80-90%,35-55,0,120,Y,Withdrawn
BBB,2014J,100252,M,South East Region,A Level or Equivalent,30-40%,0-35,0,60,N,Distinction
CCC,2014J,100268,F,North Western Region,Post Graduate Qualification,,0-35,2,60,N,Pass
BBB,2014J,100402,M,Scotland,A Level or Equivalent,10-20%,35-55,1,90,N,Pass
CCC,2014J,100086,M,East Anglian Region,A Level or Equivalent,,35-55,1,60,N,Fail
AAA,2013J,100389,M,London Region,Post Graduate Qualification,80-90%,0-35,0,30,N,Withdrawn
BBB,2014J,100520,F,London Region,HE Qualification,20-30%,35-55,2,120,N,Withdrawn
AAA,2013J,100543,M,East Anglian Region,Post Graduate Qualification,70-80%,0-35,0,60,N,Fail
AAA,2014J,100894,F,London Region,Post Graduate Qualification,30-40%,0-35,1,120,N,Withdrawn
BBB,2013J,100870,F,Scotland,HE Qualification,80-90%,55<=,0,60,N,Fail
AAA,2014J,100303,F,Scotland,Lower Than A Level,10-20%,0-35,1,120,N,Fail
BBB,2014J,100746,F,East Anglian Region,A Level or Equivalent,20-30%,35-55,0,90,Y,Withdrawn
BBB,2013J,100575,F,Scotland,Post Graduate Qualification,30-40%,35-55,0,120,N,Distinction
BBB,2013J,100149,M,Scotland,HE Qualification,20-30%,35-55,0,120,N,Distinction
CCC,2014J,100059,F,East Anglian Region,A Level or Equivalent,30-40%,0-35,1,30,N,Pass
CCC,2013J,100524,M,London Region,A Level or Equivalent,60-70%,55<=,0,120,N,Fail
BBB,2014J,100871,F,Scotland,Post Graduate Qualification,60-70%,35-55,0,120,N,Pass
AAA,2014J,100012,M,East Anglian Region,Lower Than A Level,60-70%,35-55,2,90,N,Fail
CCC,2014J,100837,F,London Region,Lower Than A Level,20-30%,0-35,0,120,N,Pass
AAA,2013J,100334,F,East Anglian Region,Post Graduate Qualification,20-30%,0-35,0,120,N,Distinction
BBB,2013J,100600,M,South East Region,A Level or Equivalent,,0-35,0,90,N,Withdrawn
BBB,2014J,100067,F,London Region,Post Graduate Qualification,20-30%,0-35,0,60,N,Pass
AAA,2014J,100244,M,South East Region,HE Qualification,10-20%,0-35,0,120,N,Fail
BBB,2014J,100843,M,South East Region,Post Graduate Qualification,40-50%,35-55,0,30,N,Fail
AAA,2013J,100801,F,South East Region,HE Qualification,0-10%,35-55,2,90,N,Pass
AAA,2014J,100296,F,London Region,Post Graduate Qualification,30-40%,0-35,0,120,N,Withdrawn
BBB,2014J,100346,M,London Region,Post Graduate Qualification,90-100%,0-35,2,120,N,Pass
AAA,2014J,100872,F,North Western Region,Lower Than A Level,20-30%,35-55,0,60,N,Distinction
CCC,2013J,100729,F,East Anglian Region,Post Graduate Qualification,70-80%,0-35,1,30,N,Pass
AAA,2014J,100869,F,South East Region,HE Qualification,50-60%,55<=,0,60,N,Pass
CCC,2013J,100299,M,East Anglian Region,Lower Than A Level,70-80%,0-35,0,90,N,Fail
AAA,2014J,100694,M,Scotland,A Level or Equivalent,60-70%,0-35,2,30,Y,Fail
CCC,2014J,100610,F,Scotland,Lower Than A Level,30-40%,55<=,1,30,N,Pass
CCC,2013J,100379,F,East Anglian Region,A Level or Equivalent,20-30%,0-35,1,60,N,Pass
CCC,2014J,100812,M,North Western Region,Post Graduate Qualification,,35-55,2,60,N,Pass
AAA,2014J,100719,F,East Anglian Region,A Level or Equivalent,10-20%,0-35,0,30,N,Pass
CCC,2014J,100694,F,South East Region,Lower Than A Level,,0-35,1,60,N,Fail
CCC,2013J,100082,F,London Region,A Level or Equivalent,50-60%,35-55,1,60,N,Pass
CCC,2014J,100193,M,North Western Region,Lower Than A Level,,0-35,1,30,N,Pass
AAA,2014J,100109,M,Scotland,Post Graduate Qualification,30-40%,0-35,1,30,N,Withdrawn
CCC,2013J,100351,M,East Anglian Region,Lower Than A Level,60-70%,0-35,0,90,N,Distinction
AAA,2014J,100590,F,East Anglian Region,Post Graduate Qualification,60-70%,35-55,0,120,N,Fail
BBB,2013J,100124,F,North Western Region,A Level or Equivalent,30-40%,0-35,0,120,N,Fail
BBB,2013J,100876,M,North Western Region,Lower Than A Level,20-30%,0-35,1,90,N,Fail
BBB,2014J,100194,F,Scotland,HE Qualification,50-60%,55<=,1,30,N,Pass
BBB,2013J,100466,F,Scotland,A Level or Equivalent,70-80%,35-55,1,120,N,Pass
AAA,2013J,100185,M,South East Region,Post Graduate Qualification,20-30%,35-55,1,120,Y,Distinction
BBB,2013J,100225,M,South East Region,HE Qualification,80-90%,35-55,0,60,Y,Pass
CCC,2014J,100135,F,London Region,Post Graduate Qualification,70-80%,35-55,0,60,N,Pass
BBB,2013J,100799,F,Scotland,A Level or Equivalent,10-20%,0-35,0,30,N,Pass
AAA,2014J,100826,F,Scotland,Lower Than A Level,,0-35,2,120,N,Distinction
CCC,2014J,100753,F,London Region,Lower Than A Level,0-10%,35-55,1,120,N,Pass
AAA,2014J,100802,M,London Region,A Level or Equivalent,70-80%,35-55,1,30,N,Fail
BBB,2014J,100054,F,East Anglian Region,A Level or Equivalent,40-50%,55<=,1,90,N,Withdrawn
BBB,2013J,100387,F,East Anglian Region,Post Graduate Qualification,70-80%,35-55,0,60,N,Pass
BBB,2013J,100174,M,London Region,A Level or Equivalent,80-90%,0-35,2,90,Y,Pass
CCC,2014J,100281,M,North Western Region,Post Graduate Qualification,70-80%,0-35,1,30,N,Pass
BBB,2014J,100081,F,East Anglian Region,Lower Than A Level,70-80%,35-55,2,120,N,Fail
CCC,2014J,100098,F,London Region,A Level or Equivalent,90-100%,0-35,1,60,N,Pass
AAA,2013J,100106,F,East Anglian Region,Post Graduate Qualification,70-80%,35-55,1,120,N,Pass
CCC,2013J,100519,M,Scotland,Lower Than A Level,80-90%,35-55,0,30,N,Fail
BBB,2014J,100447,M,North Western Region,A Level or Equivalent,40-50%,0-35,1,90,N,Fail
AAA,2014J,100363,F,Scotland,Post Graduate Qualification,20-30%,35-55,0,60,Y,Distinction
AAA,2013J,100658,F,Scotland,HE Qualification,20-30%,35-55,1,120,N,Pass
BBB,2014J,100308,F,East Anglian Region,HE Qualification,50-60%,0-35,1,90,N,Withdrawn
BBB,2013J,100714,M,East Anglian Region,Post Graduate Qualification,0-10%,35-55,0,30,N,Pass
AAA,2014J,100247,F,South East Region,Post Graduate Qualification,20-30%,0-35,0,90,N,Pass
BBB,2013J,100188,M,London Region,Post Graduate Qualification,,0-35,1,30,N,Fail
CCC,2013J,100150,F,East Anglian Region,Lower Than A Level,70-80%,0-35,1,60,N,Pass
AAA,2013J,100259,M,London Region,HE Qualification,80-90%,35-55,0,30,N,Pass
BBB,2014J,100512,F,London Region,Lower Than A Level,20-30%,55<=,1,30,N,Fail
BBB,2014J,100128,F,Scotland,Lower Than A Level,0-10%,0-35,1,90,N,Withdrawn
CCC,2014J,100454,F,London Region,A Level or Equivalent,30-40%,35-55,1,30,N,Pass
AAA,2014J,100726,F,North Western Region,HE Qualification,90-100%,0-35,0,90,N,Fail
BBB,2013J,100791,F,Scotland,A Level or Equivalent,50-60%,35-55,2,120,N,Distinction
CCC,2013J,100605,F,South East Region,Post Graduate Qualification,80-90%,0-35,0,30,N,Pass
AAA,2013J,100167,M,London Region,A Level or Equivalent,50-60%,35-55,1,90,N,Fail
CCC,2014J,100511,M,South East Region,HE Qualification,50-60%,0-35,2,60,N,Pass
CCC,2014J,100164,F,East Anglian Region,Post Graduate Qualification,60-70%,35-55,0,60,N,Withdrawn
CCC,2014J,100556,F,Scotland,Post Graduate Qualification,,0-35,1,90,N,Pass
BBB,2013J,100143,F,North Western Region,Lower Than A Level,40-50%,35-55,0,90,N,Withdrawn
CCC,2013J,100057,F,South East Region,HE Qualification,60-70%,35-55,2,90,Y,Pass
CCC,2013J,100754,F,Scotland,Lower Than A Level,,0-35,0,30,N,Pass
CCC,2013J,100388,F,South East Region,HE Qualification,40-50%,0-35,1,90,N,Pass
BBB,2013J,100263,F,East Anglian Region,A Level or Equivalent,90-100%,35-55,0,60,N,Distinction
BBB,2014J,100131,F,London Region,Post Graduate Qualification,50-60%,35-55,0,60,N,Withdrawn
BBB,2014J,100070,M,Scotland,Post Graduate Qualification,90-100%,0-35,0,120,N,Fail
AAA,2013J,100123,F,London Region,Post Graduate Qualification,50-60%,0-35,2,30,N,Pass
CCC,2013J,100578,M,South East Region,Post Graduate Qualification,60-70%,0-35,0,60,N,Pass
CCC,2014J,100009,F,North Western Region,A Level or Equivalent,30-40%,35-55,0,60,N,Withdrawn
AAA,2013J,100810,F,Scotland,Lower Than A Level,30-40%,0-35,0,120,N,Pass
BBB,2014J,100410,M,South East Region,HE Qualification,60-70%,35-55,0,60,Y,Withdrawn
BBB,2014J,100368,F,London Region,Lower Than A Level,80-90%,35-55,1,90,N,Fail
CCC,2013J,100580,F,North Western Region,Post Graduate Qualification,40-50%,0-35,1,120,N,Fail
CCC,2014J,100117,M,North Western Region,HE Qualification,30-40%,0-35,1,90,N,Pass
CCC,2013J,100183,M,North Western Region,Post Graduate Qualification,80-90%,0-35,1,60,N,Fail
CCC,2013J,100704,F,London Region,Lower Than A Level,60-70%,0-35,0,120,N,Distinction
CCC,2014J,100661,F,North Western Region,Post Graduate Qualification,50-60%,0-35,2,120,N,Pass
BBB,2014J,100846,M,South East Region,HE Qualification,0-10%,0-35,0,90,N,Fail
BBB,2013J,100000,M,Scotland,HE Qualification,10-20%,0-35,1,30,N,Pass
BBB,2013J,100356,F,East Anglian Region,HE Qualification,90-100%,0-35,1,90,N,Pass
CCC,2013J,100675,M,Scotland,A Level or Equivalent,90-100%,35-55,0,60,N,Pass
BBB,2013J,100175,M,North Western Region,HE Qualification,0-10%,0-35,0,30,N,Pass
BBB,2014J,100012,M,North Western Region,HE Qualification,0-10%,35-55,0,90,N,Pass
AAA,2014J,100308,M,Scotland,Post Graduate Qualification,80-90%,0-35,1,120,N,Distinction
CCC,2013J,100029,M,London Region,A Level or Equivalent,50-60%,35-55,0,60,N,Distinction
BBB,2013J,100295,F,South East Region,HE Qualification,30-40%,35-55,0,60,N,Distinction
BBB,2013J,100065,F,East Anglian Region,HE Qualification,60-70%,0-35,0,30,N,Distinction
BBB,2013J,100250,M,East Anglian Region,Lower Than A Level,20-30%,35-55,1,90,N,Pass
AAA,2013J,100315,F,Scotland,Lower Than A Level,20-30%,0-35,2,120,N,Fail
BBB,2013J,100697,F,North Western Region,Lower Than A Level,40-50%,35-55,1,120,N,Pass
CCC,2014J,100439,M,Scotland,HE Qualification,90-100%,0-35,1,60,N,Pass
BBB,2013J,100404,F,South East Region,A Level or Equivalent,80-90%,0-35,0,30,Y,Pass
AAA,2013J,100536,F,South East Region,Post Graduate Qualification,20-30%,0-35,1,60,N,Pass
BBB,2014J,100305,F,London Region,HE Qualification,60-70%,35-55,0,120,N,Fail
AAA,2013J,100757,M,Scotland,Lower Than A Level,90-100%,0-35,0,30,Y,Fail
BBB,2013J,100643,M,East Anglian Region,Lower Than A Level,,35-55,0,30,N,Pass
BBB,2013J,100566,M,South East Region,A Level or Equivalent,80-90%,0-35,0,120,N,Withdrawn
AAA,2013J,100475,M,South East Region,Post Graduate Qualification,10-20%,0-35,0,90,N,Withdrawn
CCC,2013J,100883,F,London Region,Lower Than A Level,20-30%,0-35,2,30,N,Pass
AAA,2014J,100088,F,London Region,Lower Than A Level,20-30%,55<=,1,30,N,Distinction
CCC,2013J,100454,F,North Western Region,Lower Than A Level,10-20%,35-55,0,60,Y,Distinction
CCC,2014J,100265,F,North Western Region,A Level or Equivalent,10-20%,0-35,0,90,N,Pass
AAA,2014J,100584,F,East Anglian Region,Post Graduate Qualification,30-40%,35-55,1,120,N,Withdrawn
BBB,2013J,100232,M,North Western Region,HE Qualification,60-70%,0-35,0,120,N,Fail
AAA,2013J,100652,M,South East Region,A Level or Equivalent,40-50%,0-35,2,60,N,Pass
AAA,2013J,100162,M,North Western Region,Lower Than A Level,40-50%,0-35,0,60,N,Fail
CCC,2013J,100011,M,London Region,A Level or Equivalent,20-30%,0-35,1,120,N,Pass
CCC,2014J,100355,F,London Region,HE Qualification,10-20%,0-35,2,120,N,Pass
AAA,2014J,100237,M,Scotland,A Level or Equivalent,,35-55,0,30,N,Pass
AAA,2013J,100081,M,North Western Region,HE Qualification,60-70%,0-35,0,90,N,Pass
AAA,2013J,100570,M,Scotland,Post Graduate Qualification,20-30%,35-55,1,90,N,Withdrawn
BBB,2013J,100184,F,Scotland,Lower Than A Level,80-90%,35-55,0,30,N,Pass
AAA,2014J,100503,F,Scotland,A Level or Equivalent,90-100%,35-55,0,120,N,Pass
AAA,2014J,100428,M,Scotland,Lower Than A Level,,35-55,0,60,N,Pass
BBB,2013J,100763,M,Scotland,HE Qualification,10-20%,35-55,0,90,N,Fail
AAA,2013J,100001,M,East Anglian Region,A Level or Equivalent,70-80%,0-35,1,60,N,Distinction
CCC,2013J,100367,F,North Western Region,A Level or Equivalent,,0-35,0,90,N,Distinction
CCC,2013J,100654,M,London Region,Lower Than A Level,80-90%,0-35,0,120,N,Fail
CCC,2013J,100054,F,South East Region,Lower Than A Level,20-30%,55<=,2,60,N,Withdrawn
AAA,2013J,100164,F,East Anglian Region,A Level or Equivalent,90-100%,0-35,1,60,N,Withdrawn
CCC,2013J,100536,F,North Western Region,HE Qualification,40-50%,35-55,1,120,N,Distinction
CCC,2013J,100739,M,East Anglian Region,Lower Than A Level,50-60%,35-55,1,120,N,Pass
AAA,2013J,100404,M,London Region,Lower Than A Level,60-70%,0-35,0,120,N,Fail
CCC,2014J,100067,M,London Region,A Level or Equivalent,80-90%,35-55,1,120,N,Withdrawn
BBB,2014J,100830,F,London Region,HE Qualification,10-20%,0-35,0,90,N,Pass
CCC,2013J,100378,M,North Western Region,A Level or Equivalent,50-60%,0-35,1,120,N,Pass
BBB,2013J,100533,M,South East Region,A Level or Equivalent,80-90%,35-55,1,120,N,Pass
CCC,2014J,100242,M,Scotland,Lower Than A Level,60-70%,0-35,2,30,N,Pass
AAA,2014J,100408,F,South East Region,HE Qualification,30-40%,0-35,2,90,N,Pass
BBB,2013J,100049,F,East Anglian Region,Post Graduate Qualification,0-10%,0-35,0,30,Y,Withdrawn
AAA,2014J,100155,M,Scotland,Post Graduate Qualification,60-70%,0-35,0,90,N,Pass
AAA,2013J,100426,F,Scotland,HE Qualification,70-80%,35-55,1,60,N,Distinction
AAA,2013J,100865,F,South East Region,HE Qualification,60-70%,35-55,0,60,N,Fail
BBB,2014J,100156,F,East Anglian Region,A Level or Equivalent,,0-35,1,120,N,Distinction
AAA,2014J,100697,F,Scotland,Lower Than A Level,60-70%,0-35,2,90,N,Pass
CCC,2014J,100506,M,London Region,A Level or Equivalent,50-60%,0-35,0,90,N,Withdrawn
BBB,2013J,100626,F,South East Region,HE Qualification,0-10%,35-55,2,120,N,Distinction
CCC,2014J,100827,F,London Region,HE Qualification,60-70%,35-55,2,30,N,Distinction
CCC,2013J,100446,F,South East Region,Post Graduate Qualification,10-20%,0-35,2,90,N,Withdrawn
AAA,2014J,100642,F,North Western Region,Post Graduate Qualification,70-80%,0-35,0,30,N,Pass
AAA,2013J,100375,F,North Western Region,Lower Than A Level,10-20%,55<=,0,30,N,Withdrawn
BBB,2013J,100583,M,North Western Region,Lower Than A Level,90-100%,35-55,0,30,N,Pass
BBB,2014J,100295,F,East Anglian Region,A Level or Equivalent,30-40%,0-35,0,90,N,Pass
BBB,2013J,100245,M,Scotland,Lower Than A Level,20-30%,0-35,0,60,Y,Pass
CCC,2013J,100068,F,East Anglian Region,Lower Than A Level,,35-55,0,120,N,Distinction
AAA,2014J,100665,M,East Anglian Region,HE Qualification,30-40%,0-35,2,60,N,Pass
CCC,2014J,100489,F,North Western Region,HE Qualification,50-60%,0-35,2,30,N,Pass
AAA,2013J,100384,F,North Western Region,Post Graduate Qualification,,55<=,2,30,N,Fail
BBB,2014J,100801,F,Scotland,Post Graduate Qualification,60-70%,35-55,0,30,N,Withdrawn
BBB,2014J,100057,M,North Western Region,Lower Than A Level,0-10%,0-35,1,60,N,Withdrawn
CCC,2013J,100202,M,North Western Region,Lower Than A Level,30-40%,35-55,1,60,N,Fail
AAA,2014J,100724,F,South East Region,HE Qualification,40-50%,35-55,0,120,N,Pass
AAA,2014J,100818,F,South East Region,HE Qualification,30-40%,35-55,2,30,N,Pass
BBB,2014J,100244,M,South East Region,Post Graduate Qualification,20-30%,55<=,0,60,N,Pass
BBB,2014J,100673,M,East Anglian Region,HE Qualification,50-60%,35-55,2,120,N,Withdrawn
AAA,2013J,100708,M,North Western Region,HE Qualification,40-50%,0-35,0,30,N,Distinction
AAA,2014J,100798,F,Scotland,A Level or Equivalent,30-40%,0-35,1,60,N,Pass
AAA,2014J,100165,F,London Region,Lower Than A Level,40-50%,35-55,0,30,N,Pass
BBB,2014J,100310,M,North Western Region,Post Graduate Qualification,30-40%,55<=,2,90,N,Pass
BBB,2014J,100645,M,North Western Region,Post Graduate Qualification,20-30%,0-35,1,120,N,Fail
BBB,2013J,100071,M,London Region,Lower Than A Level,40-50%,0-35,0,30,N,Fail
CCC,2013J,100338,F,South East Region,HE Qualification,,35-55,0,60,N,Fail
AAA,2013J,100718,M,East Anglian Region,A Level or Equivalent,50-60%,0-35,0,60,N,Pass
CCC,2014J,100309,M,East Anglian Region,A Level or Equivalent,60-70%,0-35,0,120,N,Distinction
CCC,2014J,100028,M,East Anglian Region,Post Graduate Qualification,,35-55,0,120,N,Pass
AAA,2014J,100362,F,South East Region,Post Graduate Qualification,60-70%,35-55,2,30,N,Withdrawn
AAA,2013J,100636,M,London Region,Lower Than A Level,20-30%,35-55,2,60,N,Distinction
AAA,2014J,100182,M,London Region,A Level or Equivalent,40-50%,35-55,1,120,N,Pass
AAA,2013J,100824,F,North Western Region,Post Graduate Qualification,50-60%,0-35,2,30,N,Pass
BBB,2013J,100470,M,London Region,Post Graduate Qualification,50-60%,55<=,1,120,N,Fail
AAA,2014J,100591,M,London Region,Lower Than A Level,10-20%,0-35,0,30,N,Pass
AAA,2013J,100020,F,East Anglian Region,Post Graduate Qualification,10-20%,0-35,1,90,N,Fail
BBB,2013J,100846,F,East Anglian Region,A Level or Equivalent,30-40%,35-55,0,120,N,Pass
CCC,2013J,100407,M,South East Region,HE Qualification,,35-55,1,90,N,Fail
AAA,2013J,100760,M,London Region,Lower Than A Level,70-80%,35-55,0,120,N,Pass
CCC,2013J,100030,M,East Anglian Region,HE Qualification,90-100%,0-35,0,90,N,Pass
CCC,2014J,100368,F,Scotland,HE Qualification,40-50%,35-55,1,90,N,Pass
AAA,2013J,100145,F,Scotland,Post Graduate Qualification,60-70%,35-55,2,90,N,Withdrawn
BBB,2013J,100368,F,Scotland,Post Graduate Qualification,40-50%,55<=,1,60,N,Fail
CCC,2013J,100692,M,North Western Region,Post Graduate Qualification,40-50%,0-35,0,30,N,Fail
AAA,2013J,100078,F,East Anglian Region,HE Qualification,30-40%,35-55,2,90,N,Withdrawn
CCC,2014J,100463,F,Scotland,Post Graduate Qualification,0-10%,35-55,1,90,N,Withdrawn
BBB,2013J,100447,M,London Region,HE Qualification,90-100%,35-55,0,120,N,Pass
BBB,2013J,100579,F,London Region,HE Qualification,,35-55,1,30,N,Pass
BBB,2013J,100382,F,South East Region,HE Qualification,0-10%,35-55,2,90,N,Pass
BBB,2013J,100867,F,South East Region,Post Graduate Qualification,40-50%,0-35,0,120,N,Fail
AAA,2013J,100116,F,Scotland,Lower Than A Level,50-60%,0-35,0,120,N,Withdrawn
CCC,2013J,100251,M,London Region,HE Qualification,80-90%,55<=,0,120,N,Fail
BBB,2014J,100169,M,East Anglian Region,A Level or Equivalent,,55<=,1,30,N,Pass
CCC,2014J,100346,M,North Western Region,Post Graduate Qualification,40-50%,55<=,2,30,N,Pass
BBB,2014J,100400,F,East Anglian Region,Lower Than A Level,80-90%,0-35,1,90,N,Pass
BBB,2013J,100537,F,East Anglian Region,HE Qualification,,0-35,1,60,N,Pass
BBB,2014J,100373,M,North Western Region,Lower Than A Level,90-100%,35-55,0,30,N,Withdrawn
CCC,2014J,100226,M,East Anglian Region,Post Graduate Qualification,30-40%,35-55,0,30,Y,Pass
CCC,2013J,100053,M,London Region,Post Graduate Qualification,80-90%,0-35,0,30,N,Fail
CCC,2013J,100002,F,East Anglian Region,Lower Than A Level,40-50%,35-55,0,60,N,Fail
BBB,2014J,100159,M,North Western Region,Post Graduate Qualification,0-10%,0-35,1,90,N,Pass
CCC,2013J,100781,M,North Western Region,A Level or Equivalent,80-90%,0-35,2,30,N,Pass
BBB,2013J,100278,M,London Region,Post Graduate Qualification,90-100%,0-35,2,30,N,Withdrawn
BBB,2014J,100767,F,South East Region,HE Qualification,30-40%,0-35,1,60,N,Pass
CCC,2014J,100679,M,London Region,Lower Than A Level,40-50%,0-35,0,120,N,Pass
AAA,2014J,100522,M,East Anglian Region,Lower Than A Level,40-50%,55<=,1,120,N,Withdrawn
AAA,2014J,100804,M,Scotland,Lower Than A Level,,55<=,1,30,N,Withdrawn
BBB,2014J,100516,M,Scotland,Lower Than A Level,0-10%,0-35,2,30,N,Withdrawn
BBB,2013J,100286,F,Scotland,Post Graduate Qualification,60-70%,0-35,2,120,N,Pass
BBB,2014J,100414,F,Scotland,Post Graduate Qualification,0-10%,0-35,1,60,N,Fail
BBB,2014J,100753,F,London Region,A Level or Equivalent,70-80%,35-55,0,30,N,Distinction
BBB,2014J,100629,F,East Anglian Region,Lower Than A Level,90-100%,0-35,1,120,N,Withdrawn
BBB,2014J,100630,F,North Western Region,Lower Than A Level,70-80%,35-55,1,90,N,Pass
BBB,2013J,100223,M,Scotland,Post Graduate Qualification,60-70%,35-55,1,60,N,Withdrawn
CCC,2013J,100427,M,London Region,Lower Than A Level,,0-35,0,30,N,Pass
BBB,2013J,100621,M,South East Region,A Level or Equivalent,90-100%,0-35,1,120,Y,Withdrawn
BBB,2013J,100191,F,London Region,A Level or Equivalent,20-30%,0-35,0,120,N,Pass
CCC,2014J,100337,M,Scotland,HE Qualification,60-70%,0-35,2,30,N,Pass
CCC,2014J,100688,M,London Region,A Level or Equivalent,90-100%,35-55,0,90,N,Fail
AAA,2013J,100374,M,North Western Region,Post Graduate Qualification,30-40%,0-35,2,30,N,Pass
CCC,2013J,100746,M,London Region,HE Qualification,70-80%,35-55,0,60,N,Distinction
AAA,2014J,100466,F,London Region,Post Graduate Qualification,0-10%,0-35,1,90,N,Fail
AAA,2014J,100435,F,London Region,A Level or Equivalent,90-100%,55<=,0,30,N,Withdrawn
CCC,2014J,100516,M,Scotland,HE Qualification,60-70%,55<=,1,90,N,Pass
AAA,2013J,100328,M,Scotland,A Level or Equivalent,80-90%,0-35,0,30,N,Withdrawn
CCC,2013J,100045,F,South East Region,HE Qualification,90-100%,35-55,2,90,N,Pass
CCC,2014J,100340,F,North Western Region,HE Qualification,20-30%,0-35,0,60,N,Fail
CCC,2013J,100885,M,East Anglian Region,A Level or Equivalent,40-50%,35-55,2,30,N,Pass
CCC,2013J,100469,F,South East Region,Post Graduate Qualification,90-100%,35-55,1,120,N,Pass
CCC,2013J,100140,M,North Western Region,Post Graduate Qualification,10-20%,35-55,1,60,N,Fail
AAA,2013J,100492,M,East Anglian Region,Post Graduate Qualification,90-100%,35-55,0,120,N,Pass
CCC,2013J,100750,M,North Western Region,Lower Than A Level,30-40%,0-35,0,120,N,Fail
AAA,2013J,100470,M,South East Region,Lower Than A Level,50-60%,35-55,0,90,N,Pass
AAA,2014J,100437,M,London Region,Lower Than A Level,70-80%,0-35,1,60,N,Pass
BBB,2014J,100263,M,London Region,Post Graduate Qualification,90-100%,0-35,2,90,N,Withdrawn
CCC,2013J,100873,M,Scotland,Lower Than A Level,30-40%,35-55,0,90,N,Fail
AAA,2013J,100535,F,Scotland,Post Graduate Qualification,10-20%,35-55,1,60,N,Distinction
BBB,2014J,100224,M,South East Region,A Level or Equivalent,60-70%,55<=,1,60,N,Pass
BBB,2013J,100151,F,South East Region,Lower Than A Level,80-90%,35-55,0,120,N,Distinction
CCC,2013J,100373,F,North Western Region,HE Qualification,80-90%,0-35,1,120,N,Withdrawn
BBB,2014J,100038,M,North Western Region,HE Qualification,30-40%,0-35,0,30,N,Pass
BBB,2013J,100800,F,London Region,A Level or Equivalent,,35-55,0,90,N,Pass
CCC,2013J,100006,F,Scotland,Post Graduate Qualification,0-10%,35-55,0,120,N,Fail
BBB,2013J,100878,F,North Western Region,A Level or Equivalent,10-20%,35-55,0,30,N,Pass
AAA,2014J,100130,F,Scotland,A Level or Equivalent,,35-55,1,120,N,Fail
AAA,2013J,100195,M,South East Region,HE Qualification,10-20%,35-55,0,30,N,Fail
AAA,2013J,100856,M,London Region,Lower Than A Level,60-70%,35-55,0,90,Y,Fail
AAA,2014J,100577,M,Scotland,A Level or Equivalent,80-90%,0-35,1,120,N,Fail
AAA,2013J,100625,M,South East Region,HE Qualification,80-90%,35-55,1,60,N,Pass
CCC,2013J,100557,F,South East Region,HE Qualification,,0-35,0,30,N,Fail
AAA,2014J,100821,M,Scotland,A Level or Equivalent,0-10%,0-35,1,60,N,Distinction
BBB,2013J,100612,M,London Region,HE Qualification,40-50%,35-55,2,60,N,Pass
CCC,2014J,100184,F,London Region,HE Qualification,50-60%,35-55,2,90,N,Fail
CCC,2013J,100165,F,North Western Region,A Level or Equivalent,70-80%,0-35,1,60,N,Fail
BBB,2013J,100384,F,South East Region,Lower Than A Level,60-70%,35-55,0,60,N,Pass
AAA,2013J,100884,M,London Region,HE Qualification,60-70%,0-35,0,120,N,Pass
CCC,2014J,100677,M,North Western Region,Post Graduate Qualification,30-40%,0-35,1,90,N,Fail
AAA,2013J,100427,F,London Region,Post Graduate Qualification,10-20%,0-35,0,120,N,Distinction
CCC,2013J,100173,M,South East Region,HE Qualification,40-50%,0-35,0,90,Y,Distinction
CCC,2014J,100418,M,London Region,Post Graduate Qualification,20-30%,35-55,1,120,N,Withdrawn
AAA,2013J,100887,F,Scotland,Post Graduate Qualification,60-70%,35-55,0,30,Y,Distinction
CCC,2014J,100605,M,London Region,HE Qualification,80-90%,35-55,2,120,N,Pass
AAA,2013J,100553,F,South East Region,Lower Than A Level,60-70%,0-35,0,120,N,Pass
AAA,2014J,100700,M,North Western Region,HE Qualification,60-70%,0-35,0,30,N,Fail
CCC,2013J,100636,F,East Anglian Region,HE Qualification,0-10%,0-35,0,60,N,Withdrawn
CCC,2014J,100666,F,East Anglian Region,A Level or Equivalent,70-80%,35-55,0,60,N,Pass
AAA,2013J,100147,F,London Region,Post Graduate Qualification,40-50%,0-35,2,60,N,Pass
CCC,2014J,100533,M,South East Region,Post Graduate Qualification,10-20%,0-35,1,120,N,Fail
CCC,2014J,100113,F,London Region,A Level or Equivalent,20-30%,35-55,2,90,N,Withdrawn
CCC,2013J,100685,F,London Region,A Level or Equivalent,80-90%,35-55,2,30,N,Pass
AAA,2013J,100725,F,North Western Region,Lower Than A Level,,0-35,0,90,N,Pass
AAA,2013J,100713,M,London Region,Lower Than A Level,50-60%,0-35,0,120,N,Pass
CCC,2014J,100710,M,South East Region,A Level or Equivalent,,35-55,2,60,Y,Pass
CCC,2014J,100855,M,North Western Region,A Level or Equivalent,10-20%,0-35,0,120,N,Withdrawn
BBB,2013J,100336,F,North Western Region,Lower Than A Level,,35-55,1,120,N,Pass
AAA,2014J,100696,F,North Western Region,A Level or Equivalent,10-20%,0-35,1,120,N,Pass
CCC,2013J,100577,F,East Anglian Region,HE Qualification,70-80%,0-35,2,30,Y,Withdrawn
AAA,2014J,100640,F,London Region,A Level or Equivalent,20-30%,0-35,2,120,N,Distinction
BBB,2013J,100354,F,East Anglian Region,HE Qualification,30-40%,0-35,1,30,N,Pass
CCC,2014J,100785,M,London Region,A Level or Equivalent,50-60%,0-35,1,120,Y,Distinction
BBB,2014J,100233,M,East Anglian Region,HE Qualification,30-40%,0-35,0,120,N,Pass
AAA,2014J,100635,F,London Region,HE Qualification,90-100%,35-55,0,60,N,Fail
AAA,2013J,100541,M,Scotland,Post Graduate Qualification,,0-35,1,30,N,Distinction
BBB,2013J,100003,M,East Anglian Region,Lower Than A Level,50-60%,35-55,0,60,N,Pass
BBB,2013J,100786,F,London Region,A Level or Equivalent,0-10%,0-35,0,90,N,Fail
CCC,2013J,100114,M,East Anglian Region,Lower Than A Level,20-30%,0-35,1,30,N,Fail
AAA,2014J,100676,M,South East Region,HE Qualification,0-10%,35-55,2,30,Y,Pass
CCC,2014J,100648,M,North Western Region,Lower Than A Level,90-100%,55<=,1,60,Y,Pass
CCC,2014J,100893,F,North Western Region,Lower Than A Level,20-30%,35-55,1,120,N,Withdrawn
CCC,2013J,100433,F,North Western Region,Lower Than A Level,90-100%,0-35,0,60,N,Pass
BBB,2013J,100411,F,North Western Region,HE Qualification,70-80%,0-35,0,30,N,Fail
BBB,2014J,100345,M,Scotland,Lower Than A Level,60-70%,35-55,0,60,N,Pass
CCC,2013J,100184,F,East Anglian Region,Lower Than A Level,0-10%,35-55,1,60,N,Fail
CCC,2013J,100479,M,London Region,Lower Than A Level,60-70%,0-35,2,60,N,Distinction
AAA,2014J,100606,F,East Anglian Region,A Level or Equivalent,30-40%,0-35,0,60,N,Pass
CCC,2014J,100663,F,East Anglian Region,A Level or Equivalent,80-90%,35-55,1,90,N,Pass
AAA,2013J,100696,M,Scotland,Lower Than A Level,,0-35,1,60,Y,Pass
BBB,2013J,100025,M,London Region,A Level or Equivalent,20-30%,35-55,1,120,N,Fail
BBB,2013J,100795,M,London Region,A Level or Equivalent,30-40%,35-55,1,90,N,Withdrawn
BBB,2014J,100033,F,London Region,HE Qualification,30-40%,35-55,0,90,N,Pass
CCC,2013J,100039,F,Scotland,Post Graduate Qualification,90-100%,0-35,0,90,N,Withdrawn
CCC,2014J,100377,M,East Anglian Region,HE Qualification,0-10%,35-55,0,120,N,Pass
AAA,2013J,100444,M,East Anglian Region,Post Graduate Qualification,90-100%,35-55,0,60,N,Pass
AAA,2013J,100326,M,East Anglian Region,Lower Than A Level,80-90%,0-35,0,120,N,Distinction
AAA,2013J,100285,M,North Western Region,Lower Than A Level,50-60%,0-35,0,30,N,Withdrawn
CCC,2014J,100654,M,North Western Region,Post Graduate Qualification,60-70%,35-55,2,30,N,Withdrawn
BBB,2013J,100349,M,London Region,A Level or Equivalent,90-100%,0-35,0,120,N,Pass
CCC,2013J,100089,F,London Region,A Level or Equivalent,30-40%,0-35,1,30,N,Distinction
CCC,2013J,100383,F,South East Region,Lower Than A Level,0-10%,0-35,1,90,N,Withdrawn
AAA,2013J,100191,M,Scotland,Post Graduate Qualification,70-80%,0-35,1,90,N,Pass
AAA,2014J,100881,F,London Region,HE Qualification,10-20%,35-55,2,30,N,Distinction
BBB,2013J,100766,M,London Region,Post Graduate Qualification,0-10%,0-35,0,90,N,Fail
BBB,2013J,100476,F,Scotland,A Level or Equivalent,,35-55,0,90,N,Pass
CCC,2013J,100805,M,London Region,Lower Than A Level,50-60%,0-35,1,90,N,Pass
AAA,2014J,100750,F,London Region,HE Qualification,70-80%,0-35,2,90,N,Withdrawn
BBB,2013J,100493,M,London Region,Lower Than A Level,20-30%,0-35,0,120,N,Withdrawn
AAA,2013J,100312,F,North Western Region,HE Qualification,10-20%,35-55,0,30,N,Fail
AAA,2013J,100573,M,London Region,A Level or Equivalent,0-10%,55<=,0,90,N,Pass
AAA,2013J,100686,F,East Anglian Region,Post Graduate Qualification,30-40%,0-35,0,60,Y,Fail
BBB,2013J,100367,M,South East Region,Post Graduate Qualification,30-40%,0-35,1,120,N,Withdrawn
BBB,2013J,100603,F,East Anglian Region,Lower Than A Level,50-60%,35-55,2,90,N,Distinction
BBB,2013J,100554,M,East Anglian Region,Lower Than A Level,60-70%,0-35,1,30,N,Pass
CCC,2013J,100732,F,North Western Region,Post Graduate Qualification,30-40%,55<=,0,120,N,Fail
CCC,2014J,100248,F,London Region,HE Qualification,50-60%,35-55,0,30,N,Withdrawn
BBB,2014J,100329,F,Scotland,A Level or Equivalent,0-10%,0-35,0,60,N,Withdrawn
BBB,2014J,100063,M,Scotland,Lower Than A Level,30-40%,35-55,1,60,N,Withdrawn
CCC,2013J,100276,M,North Western Region,A Level or Equivalent,,0-35,1,90,N,Distinction
CCC,2014J,100734,M,London Region,HE Qualification,,35-55,0,60,N,Distinction
AAA,2013J,100474,F,North Western Region,Post Graduate Qualification,50-60%,0-35,0,90,Y,Pass
CCC,2014J,100767,F,Scotland,Post Graduate Qualification,,35-55,2,90,N,Pass
AAA,2014J,100781,M,London Region,A Level or Equivalent,50-60%,0-35,2,30,N,Pass
BBB,2014J,100213,F,South East Region,A Level or Equivalent,10-20%,0-35,1,30,Y,Pass
BBB,2014J,100505,M,Scotland,Lower Than A Level,90-100%,35-55,1,60,N,Fail
BBB,2013J,100884,F,Scotland,Lower Than A Level,40-50%,0-35,2,30,N,Pass
AAA,2013J,100484,M,East Anglian Region,A Level or Equivalent,60-70%,0-35,0,120,N,Pass
CCC,2014J,100730,M,North Western Region,HE Qualification,70-80%,35-55,0,60,N,Pass
AAA,2013J,100711,M,East Anglian Region,Lower Than A Level,30-40%,0-35,1,60,N,Pass
AAA,2014J,100576,M,Scotland,A Level or Equivalent,80-90%,35-55,0,90,N,Fail
CCC,2014J,100759,M,North Western Region,HE Qualification,50-60%,35-55,1,120,N,Pass
CCC,2014J,100616,M,East Anglian Region,Post Graduate Qualification,40-50%,35-55,1,90,N,Fail
AAA,2013J,100878,M,South East Region,Post Graduate Qualification,30-40%,0-35,0,90,Y,Distinction
CCC,2014J,100048,M,London Region,A Level or Equivalent,80-90%,0-35,0,120,N,Pass
CCC,2013J,100517,F,Scotland,A Level or Equivalent,20-30%,55<=,0,120,N,Fail
AAA,2013J,100356,M,London Region,Post Graduate Qualification,10-20%,0-35,1,30,N,Distinction
BBB,2014J,100380,F,London Region,A Level or Equivalent,30-40%,0-35,1,60,N,Pass
AAA,2014J,100528,F,South East Region,HE Qualification,70-80%,0-35,1,120,N,Distinction
AAA,2014J,100230,M,South East Region,Lower Than A Level,70-80%,35-55,2,120,N,Pass
AAA,2014J,100337,F,Scotland,A Level or Equivalent,90-100%,35-55,0,90,N,Withdrawn
AAA,2013J,100095,F,North Western Region,A Level or Equivalent,60-70%,35-55,0,90,N,Pass
BBB,2013J,100891,F,Scotland,Post Graduate Qualification,70-80%,35-55,1,30,N,Pass
BBB,2014J,100466,M,South East Region,Lower Than A Level,90-100%,0-35,2,90,N,Fail
AAA,2013J,100336,M,Scotland,Post Graduate Qualification,,0-35,1,30,N,Distinction
AAA,2013J,100568,M,Scotland,A Level or Equivalent,0-10%,0-35,0,90,N,Fail
AAA,2014J,100378,F,North Western Region,Lower Than A Level,80-90%,35-55,0,30,N,Fail
CCC,2014J,100119,F,North Western Region,HE Qualification,10-20%,0-35,0,30,N,Fail
CCC,2014J,100727,F,London Region,Lower Than A Level,0-10%,0-35,1,120,N,Pass
BBB,2013J,100141,M,Scotland,Lower Than A Level,20-30%,35-55,0,90,N,Pass
CCC,2013J,100503,M,North Western Region,Lower Than A Level,20-30%,35-55,0,90,Y,Fail
BBB,2013J,100672,F,London Region,A Level or Equivalent,60-70%,35-55,1,30,N,Distinction
AAA,2014J,100742,F,South East Region,Lower Than A Level,0-10%,0-35,2,90,Y,Pass
BBB,2013J,100465,M,South East Region,HE Qualification,0-10%,55<=,0,90,N,Distinction
AAA,2013J,100398,M,North Western Region,Lower Than A Level,50-60%,0-35,2,90,N,Fail
AAA,2014J,100122,F,North Western Region,Post Graduate Qualification,,0-35,1,60,N,Pass
AAA,2014J,100076,M,South East Region,Post Graduate Qualification,50-60%,0-35,2,60,N,Pass
AAA,2014J,100071,M,East Anglian Region,HE Qualification,40-50%,0-35,0,120,N,Fail
AAA,2014J,100344,M,North Western Region,Post Graduate Qualification,60-70%,0-35,1,120,Y,Pass
CCC,2014J,100215,M,East Anglian Region,Lower Than A Level,40-50%,0-35,1,120,N,Withdrawn
BBB,2014J,100816,M,North Western Region,Post Graduate Qualification,0-10%,35-55,0,90,N,Fail
CCC,2013J,100187,F,Scotland,A Level or Equivalent,20-30%,35-55,1,30,N,Pass
AAA,2013J,100042,M,London Region,HE Qualification,70-80%,35-55,2,30,N,Fail
BBB,2014J,100538,M,London Region,Post Graduate Qualification,30-40%,0-35,1,90,N,Fail
CCC,2013J,100831,M,South East Region,Post Graduate Qualification,0-10%,35-55,0,60,N,Pass
BBB,2014J,100274,F,South East Region,A Level or Equivalent,10-20%,0-35,1,30,N,Pass
BBB,2013J,100461,M,South East Region,A Level or Equivalent,90-100%,0-35,2,120,N,Pass
AAA,2014J,100240,F,North Western Region,Lower Than A Level,30-40%,0-35,1,120,N,Withdrawn
AAA,2013J,100327,M,East Anglian Region,A Level or Equivalent,0-10%,35-55,0,60,N,Pass
AAA,2014J,100689,M,South East Region,A Level or Equivalent,80-90%,0-35,0,90,N,Withdrawn
AAA,2013J,100425,F,East Anglian Region,A Level or Equivalent,50-60%,35-55,1,60,N,Fail
CCC,2013J,100445,F,East Anglian Region,A Level or Equivalent,40-50%,0-35,1,60,N,Withdrawn
BBB,2013J,100459,F,East Anglian Region,Post Graduate Qualification,90-100%,0-35,0,90,Y,Fail
BBB,2014J,100840,M,South East Region,Post Graduate Qualification,30-40%,0-35,0,60,N,Fail
CCC,2013J,100756,M,London Region,HE Qualification,60-70%,0-35,0,120,N,Withdrawn
AAA,2014J,100150,F,Scotland,Lower Than A Level,80-90%,0-35,0,30,N,Fail
AAA,2013J,100350,M,East Anglian Region,A Level or Equivalent,60-70%,35-55,0,90,N,Pass
BBB,2013J,100648,M,London Region,HE Qualification,20-30%,0-35,0,120,N,Withdrawn
CCC,2014J,100299,F,North Western Region,Lower Than A Level,70-80%,0-35,0,120,N,Pass
BBB,2013J,100290,F,South East Region,A Level or Equivalent,80-90%,35-55,1,30,N,Pass
AAA,2014J,100596,F,North Western Region,Post Graduate Qualification,10-20%,0-35,2,90,N,Pass
CCC,2014J,100756,F,South East Region,Post Graduate Qualification,70-80%,0-35,0,120,N,Distinction
AAA,2014J,100810,M,South East Region,A Level or Equivalent,10-20%,0-35,0,120,N,Pass
AAA,2013J,100414,F,Scotland,A Level or Equivalent,90-100%,0-35,0,120,N,Fail
BBB,2014J,100713,F,South East Region,A Level or Equivalent,10-20%,35-55,0,30,N,Pass
AAA,2013J,100507,M,London Region,HE Qualification,,0-35,1,90,N,Withdrawn
CCC,2014J,100320,M,South East Region,A Level or Equivalent,70-80%,35-55,0,90,N,Withdrawn
CCC,2014J,100073,M,East Anglian Region,A Level or Equivalent,40-50%,0-35,0,90,N,Pass
AAA,2013J,100891,M,South East Region,A Level or Equivalent,30-40%,35-55,1,30,N,Pass
BBB,2013J,100408,M,East Anglian Region,HE Qualification,80-90%,0-35,0,60,N,Fail
BBB,2013J,100712,M,South East Region,Post Graduate Qualification,20-30%,0-35,0,120,N,Pass
CCC,2014J,100280,M,East Anglian Region,Post Graduate Qualification,50-60%,55<=,1,30,Y,Pass
BBB,2013J,100176,F,North Western Region,A Level or Equivalent,,55<=,2,60,N,Distinction
AAA,2013J,100744,F,Scotland,Post Graduate Qualification,20-30%,0-35,0,30,N,Withdrawn
AAA,2014J,100092,M,East Anglian Region,Post Graduate Qualification,70-80%,35-55,0,30,N,Withdrawn
CCC,2013J,100452,M,South East Region,A Level or Equivalent,10-20%,0-35,1,120,N,Pass
AAA,2014J,100859,M,South East Region,Post Graduate Qualification,90-100%,0-35,2,120,N,Fail
AAA,2014J,100077,F,East Anglian Region,Post Graduate Qualification,30-40%,0-35,2,90,Y,Pass
CCC,2013J,100799,F,North Western Region,A Level or Equivalent,50-60%,0-35,1,90,Y,Pass
CCC,2013J,100669,F,East Anglian Region,A Level or Equivalent,40-50%,35-55,0,120,N,Withdrawn
BBB,2014J,100759,M,North Western Region,Lower Than A Level,10-20%,0-35,0,60,N,Pass
AAA,2014J,100099,M,South East Region,Post Graduate Qualification,70-80%,35-55,1,120,N,Withdrawn
CCC,2013J,100201,M,North Western Region,A Level or Equivalent,0-10%,0-35,1,60,N,Fail
AAA,2014J,100002,F,Scotland,Post Graduate Qualification,,0-35,0,90,N,Pass
BBB,2014J,100690,M,East Anglian Region,Lower Than A Level,0-10%,0-35,0,60,N,Pass
CCC,2013J,100633,M,North Western Region,HE Qualification,30-40%,55<=,1,90,N,Pass
CCC,2014J,100182,F,East Anglian Region,A Level or Equivalent,,0-35,0,60,N,Withdrawn
AAA,2013J,100562,F,London Region,A Level or Equivalent,10-20%,0-35,1,120,N,Distinction
CCC,2014J,100590,M,London Region,Lower Than A Level,0-10%,35-55,0,90,N,Pass
AAA,2014J,100698,F,North Western Region,Lower Than A Level,80-90%,55<=,0,60,Y,Pass
CCC,2014J,100527,F,Scotland,A Level or Equivalent,0-10%,55<=,1,120,N,Distinction
BBB,2013J,100477,F,North Western Region,A Level or Equivalent,90-100%,35-55,0,90,N,Pass
BBB,2014J,100309,M,Scotland,A Level or Equivalent,90-100%,35-55,0,30,N,Pass
AAA,2014J,100539,F,Scotland,Lower Than A Level,20-30%,35-55,1,120,N,Pass
AAA,2013J,100756,F,London Region,HE Qualification,,35-55,0,90,N,Withdrawn
BBB,2014J,100279,F,East Anglian Region,Post Graduate Qualification,,0-35,0,90,Y,Fail
BBB,2014J,100154,F,London Region,HE Qualification,40-50%,0-35,0,30,N,Pass
BBB,2013J,100374,F,East Anglian Region,Lower Than A Level,60-70%,0-35,1,30,N,Pass
BBB,2013J,100142,F,East Anglian Region,Lower Than A Level,40-50%,0-35,0,30,N,Fail
CCC,2013J,100684,M,East Anglian Region,Post Graduate Qualification,20-30%,35-55,0,90,N,Fail
BBB,2014J,100892,F,North Western Region,A Level or Equivalent,40-50%,35-55,1,120,N,Withdrawn
CCC,2014J,100171,M,Scotland,A Level or Equivalent,60-70%,35-55,0,30,N,Fail
CCC,2013J,100617,F,East Anglian Region,HE Qualification,0-10%,35-55,1,90,N,Pass
CCC,2013J,100394,F,East Anglian Region,Lower Than A Level,30-40%,35-55,1,30,N,Pass
CCC,2014J,100012,F,South East Region,HE Qualification,30-40%,35-55,1,60,Y,Fail
CCC,2013J,100613,F,Scotland,A Level or Equivalent,0-10%,0-35,0,120,N,Withdrawn
AAA,2014J,100630,M,North Western Region,Lower Than A Level,10-20%,35-55,0,120,N,Withdrawn
CCC,2013J,100767,F,East Anglian Region,A Level or Equivalent,10-20%,0-35,0,60,Y,Withdrawn
AAA,2013J,100397,F,Scotland,Lower Than A Level,30-40%,0-35,1,120,N,Pass
CCC,2014J,100828,F,East Anglian Region,HE Qualification,60-70%,35-55,2,120,N,Pass
BBB,2014J,100786,F,Scotland,A Level or Equivalent,10-20%,55<=,0,60,N,Pass
CCC,2013J,100668,M,London Region,Post Graduate Qualification,40-50%,55<=,1,30,Y,Withdrawn
AAA,2013J,100441,M,East Anglian Region,HE Qualification,10-20%,35-55,0,120,Y,Withdrawn
BBB,2014J,100566,F,South East Region,Post Graduate Qualification,40-50%,0-35,1,30,N,Pass
CCC,2014J,100168,F,Scotland,Lower Than A Level,50-60%,35-55,2,60,N,Pass
BBB,2013J,100114,F,London Region,Post Graduate Qualification,80-90%,35-55,2,60,N,Pass
AAA,2013J,100166,F,North Western Region,HE Qualification,,0-35,2,120,N,Fail
CCC,2013J,100108,F,South East Region,A Level or Equivalent,0-10%,55<=,0,30,N,Pass
CCC,2013J,100707,M,East Anglian Region,A Level or Equivalent,0-10%,0-35,0,30,N,Fail
AAA,2013J,100428,F,South East Region,Lower Than A Level,30-40%,0-35,2,30,N,Fail
CCC,2014J,100796,F,London Region,HE Qualification,20-30%,0-35,1,120,N,Fail
BBB,2013J,100085,M,London Region,Post Graduate Qualification,10-20%,0-35,0,60,N,Pass
BBB,2014J,100714,F,Scotland,A Level or Equivalent,20-30%,0-35,0,90,N,Distinction
BBB,2013J,100363,F,North Western Region,Lower Than A Level,,55<=,1,30,N,Fail
BBB,2013J,100874,F,South East Region,A Level or Equivalent,80-90%,35-55,1,30,N,Distinction
BBB,2013J,100665,M,North Western Region,A Level or Equivalent,0-10%,55<=,2,90,N,Pass
AAA,2013J,100131,M,London Region,Lower Than A Level,20-30%,0-35,0,90,N,Distinction
CCC,2014J,100148,F,North Western Region,A Level or Equivalent,40-50%,0-35,0,120,Y,Distinction
AAA,2013J,100342,F,Scotland,HE Qualification,30-40%,0-35,1,60,N,Fail
AAA,2014J,100720,F,North Western Region,Lower Than A Level,40-50%,0-35,0,90,N,Pass
BBB,2013J,100597,F,North Western Region,Post Graduate Qualification,80-90%,35-55,0,120,N,Withdrawn
BBB,2013J,100532,M,East Anglian Region,Post Graduate Qualification,70-80%,55<=,1,120,N,Distinction
BBB,2013J,100433,F,London Region,A Level or Equivalent,60-70%,0-35,1,30,Y,Pass
CCC,2013J,100743,F,East Anglian Region,HE Qualification,60-70%,0-35,0,30,Y,Pass
AAA,2014J,100161,M,London Region,Post Graduate Qualification,80-90%,0-35,1,120,N,Pass
AAA,2013J,100657,M,Scotland,HE Qualification,20-30%,0-35,1,120,N,Pass
BBB,2014J,100384,M,South East Region,Lower Than A Level,40-50%,0-35,0,60,N,Pass
CCC,2014J,100680,F,South East Region,Lower Than A Level,10-20%,0-35,0,90,N,Fail
BBB,2014J,100080,F,London Region,A Level or Equivalent,70-80%,0-35,0,90,Y,Pass
BBB,2013J,100740,F,London Region,Lower Than A Level,40-50%,0-35,0,90,N,Fail
BBB,2013J,100586,F,North Western Region,A Level or Equivalent,70-80%,35-55,0,120,N,Fail
CCC,2014J,100865,M,North Western Region,HE Qualification,60-70%,0-35,0,60,N,Pass
CCC,2013J,100017,M,North Western Region,Lower Than A Level,10-20%,0-35,1,30,N,Fail
CCC,2014J,100683,M,South East Region,Lower Than A Level,,0-35,1,30,N,Distinction
AAA,2014J,100039,M,South East Region,Lower Than A Level,30-40%,35-55,0,120,N,Pass
AAA,2014J,100393,M,East Anglian Region,A Level or Equivalent,10-20%,35-55,1,30,N,Pass
CCC,2013J,100620,F,London Region,Post Graduate Qualification,30-40%,35-55,1,120,N,Fail
AAA,2014J,100309,F,London Region,A Level or Equivalent,90-100%,35-55,1,60,N,Pass
BBB,2013J,100264,F,London Region,A Level or Equivalent,20-30%,0-35,2,60,N,Withdrawn
AAA,2014J,100541,M,London Region,HE Qualification,,0-35,0,30,N,Pass
BBB,2014J,100762,M,North Western Region,Lower Than A Level,50-60%,0-35,1,120,N,Withdrawn
AAA,2014J,100578,M,London Region,Lower Than A Level,90-100%,0-35,1,60,N,Pass
BBB,2014J,100253,F,Scotland,Lower Than A Level,70-80%,35-55,1,30,N,Fail
CCC,2013J,100628,M,London Region,HE Qualification,0-10%,0-35,0,60,N,Pass
CCC,2013J,100273,M,South East Region,A Level or Equivalent,50-60%,0-35,1,30,Y,Pass
AAA,2013J,100831,F,East Anglian Region,HE Qualification,20-30%,0-35,1,30,N,Pass
BBB,2014J,100093,F,South East Region,A Level or Equivalent,60-70%,55<=,0,60,N,Pass
AAA,2013J,100851,M,East Anglian Region,Post Graduate Qualification,10-20%,0-35,0,60,N,Fail
CCC,2014J,100745,F,North Western Region,Post Graduate Qualification,70-80%,0-35,1,30,N,Withdrawn
CCC,2013J,100347,M,South East Region,Lower Than A Level,90-100%,0-35,1,30,N,Fail
AAA,2013J,100640,F,Scotland,Post Graduate Qualification,10-20%,35-55,0,90,N,Pass
BBB,2013J,100601,M,Scotland,Lower Than A Level,50-60%,0-35,2,60,N,Pass
BBB,2014J,100028,F,Scotland,Lower Than A Level,70-80%,35-55,1,30,N,Pass
BBB,2014J,100020,F,East Anglian Region,HE Qualification,0-10%,0-35,0,30,Y,Pass
BBB,2014J,100281,F,East Anglian Region,Lower Than A Level,40-50%,0-35,0,120,N,Pass
AAA,2013J,100289,M,East Anglian Region,A Level or Equivalent,20-30%,35-55,2,90,Y,Pass
BBB,2013J,100063,M,London Region,Lower Than A Level,0-10%,0-35,1,90,N,Fail
BBB,2014J,100784,F,London Region,A Level or Equivalent,80-90%,0-35,2,120,N,Withdrawn
CCC,2014J,100272,F,East Anglian Region,Post Graduate Qualification,40-50%,35-55,2,30,N,Distinction
CCC,2013J,100377,M,South East Region,Post Graduate Qualification,80-90%,0-35,0,90,N,Withdrawn
CCC,2014J,100314,M,North Western Region,Lower Than A Level,60-70%,0-35,0,120,N,Pass
AAA,2013J,100534,M,East Anglian Region,HE Qualification,90-100%,35-55,2,30,N,Withdrawn
CCC,2013J,100146,M,South East Region,A Level or Equivalent,,0-35,1,90,N,Fail
BBB,2014J,100458,M,East Anglian Region,A Level or Equivalent,60-70%,0-35,0,120,N,Distinction
BBB,2013J,100008,M,London Region,HE Qualification,30-40%,0-35,1,90,N,Fail
CCC,2013J,100172,M,London Region,Post Graduate Qualification,40-50%,35-55,0,30,N,Fail
CCC,2014J,100192,M,London Region,A Level or Equivalent,90-100%,0-35,0,90,N,Fail
AAA,2014J,100677,F,South East Region,Lower Than A Level,40-50%,0-35,0,120,N,Distinction
CCC,2013J,100774,M,Scotland,Post Graduate Qualification,20-30%,35-55,1,90,N,Pass
BBB,2014J,100659,M,London Region,A Level or Equivalent,,55<=,2,90,N,Pass
AAA,2014J,100366,F,South East Region,HE Qualification,70-80%,0-35,0,60,N,Distinction
BBB,2014J,100839,M,North Western Region,Post Graduate Qualification,30-40%,0-35,1,30,N,Withdrawn
CCC,2014J,100261,M,South East Region,HE Qualification,60-70%,0-35,2,30,N,Withdrawn
AAA,2013J,100503,M,London Region,A Level or Equivalent,40-50%,35-55,1,120,N,Pass
CCC,2014J,100565,M,Scotland,Post Graduate Qualification,10-20%,0-35,0,120,N,Withdrawn
CCC,2013J,100304,M,London Region,Post Graduate Qualification,90-100%,35-55,1,60,N,Distinction
AAA,2014J,100294,F,South East Region,Lower Than A Level,90-100%,35-55,0,120,N,Fail
AAA,2013J,100893,M,North Western Region,A Level or Equivalent,40-50%,35-55,1,90,N,Pass
BBB,2014J,100620,M,North Western Region,HE Qualification,20-30%,0-35,0,90,N,Fail
BBB,2014J,100889,F,Scotland,HE Qualification,80-90%,55<=,2,90,N,Fail
CCC,2014J,100051,F,London Region,HE Qualification,30-40%,0-35,1,120,N,Pass
CCC,2013J,100270,M,London Region,Lower Than A Level,90-100%,0-35,0,120,N,Fail
CCC,2014J,100026,M,London Region,HE Qualification,10-20%,0-35,0,90,Y,Withdrawn
AAA,2013J,100781,F,North Western Region,Lower Than A Level,,0-35,2,90,N,Pass
BBB,2013J,100157,M,East Anglian Region,HE Qualification,10-20%,0-35,2,120,N,Pass
AAA,2013J,100421,F,North Western Region,HE Qualification,50-60%,55<=,1,60,N,Fail
BBB,2014J,100750,F,London Region,Lower Than A Level,50-60%,0-35,0,120,N,Distinction
CCC,2013J,100412,F,South East Region,HE Qualification,,35-55,0,60,N,Pass
BBB,2014J,100321,M,London Region,A Level or Equivalent,70-80%,0-35,0,60,N,Fail
CCC,2013J,100126,F,London Region,A Level or Equivalent,90-100%,0-35,0,30,N,Distinction
AAA,2013J,100454,M,East Anglian Region,HE Qualification,60-70%,35-55,1,60,N,Fail
BBB,2013J,100269,F,South East Region,Lower Than A Level,90-100%,0-35,0,120,N,Withdrawn
BBB,2014J,100703,F,North Western Region,Lower Than A Level,90-100%,0-35,1,90,N,Fail
CCC,2013J,100537,F,South East Region,A Level or Equivalent,90-100%,0-35,2,90,N,Pass
CCC,2013J,100657,M,East Anglian Region,Post Graduate Qualification,40-50%,35-55,0,120,Y,Pass
BBB,2014J,100761,F,Scotland,Lower Than A Level,40-50%,0-35,1,60,N,Pass
AAA,2013J,100119,M,South East Region,Post Graduate Qualification,,0-35,2,90,N,Fail
BBB,2013J,100894,M,East Anglian Region,Lower Than A Level,80-90%,0-35,0,60,Y,Distinction
AAA,2013J,100313,M,London Region,A Level or Equivalent,,0-35,0,120,N,Pass
BBB,2013J,100703,F,London Region,A Level or Equivalent,60-70%,0-35,0,60,N,Pass
BBB,2014J,100565,M,South East Region,Lower Than A Level,70-80%,0-35,2,90,N,Distinction
AAA,2014J,100744,F,South East Region,Post Graduate Qualification,80-90%,0-35,1,120,N,Pass
AAA,2014J,100170,F,Scotland,A Level or Equivalent,10-20%,35-55,0,120,N,Pass
AAA,2013J,100512,M,London Region,Post Graduate Qualification,60-70%,35-55,1,120,N,Withdrawn
CCC,2013J,100233,F,North Western Region,HE Qualification,80-90%,0-35,1,60,N,Fail
CCC,2013J,100495,F,South East Region,HE Qualification,80-90%,0-35,0,90,N,Fail
CCC,2014J,100433,M,East Anglian Region,A Level or Equivalent,,0-35,1,60,N,Distinction
AAA,2013J,100457,M,South East Region,HE Qualification,30-40%,55<=,0,30,N,Pass
BBB,2014J,100423,F,Scotland,Post Graduate Qualification,30-40%,0-35,0,90,N,Pass
CCC,2013J,100178,M,East Anglian Region,Post Graduate Qualification,,0-35,0,60,N,Fail
BBB,2014J,100132,F,North Western Region,Post Graduate Qualification,,0-35,1,60,N,Withdrawn
AAA,2013J,100223,M,North Western Region,Lower Than A Level,10-20%,0-35,2,30,N,Distinction
AAA,2014J,100009,M,East Anglian Region,HE Qualification,40-50%,0-35,0,90,N,Pass
AAA,2014J,100080,M,East Anglian Region,A Level or Equivalent,,0-35,0,90,N,Withdrawn
CCC,2014J,100507,F,South East Region,Post Graduate Qualification,20-30%,35-55,0,30,N,Pass
AAA,2013J,100197,F,South East Region,Post Graduate Qualification,80-90%,35-55,2,90,N,Pass
CCC,2013J,100088,F,East Anglian Region,Post Graduate Qualification,10-20%,35-55,2,30,N,Pass
CCC,2013J,100038,F,South East Region,A Level or Equivalent,80-90%,0-35,1,60,N,Pass
AAA,2014J,100320,M,Scotland,HE Qualification,60-70%,35-55,2,120,N,Fail
CCC,2014J,100711,F,London Region,A Level or Equivalent,90-100%,35-55,1,30,N,Pass
AAA,2014J,100849,M,South East Region,Lower Than A Level,30-40%,35-55,1,60,N,Pass
AAA,2014J,100361,F,South East Region,Lower Than A Level,50-60%,0-35,2,90,Y,Fail
AAA,2013J,100517,F,North Western Region,HE Qualification,60-70%,0-35,0,30,N,Fail
AAA,2013J,100101,M,East Anglian Region,A Level or Equivalent,30-40%,0-35,1,90,N,Fail
AAA,2013J,100527,F,Scotland,Post Graduate Qualification,60-70%,0-35,0,120,N,Fail
AAA,2014J,100450,M,East Anglian Region,Lower Than A Level,40-50%,0-35,1,120,Y,Withdrawn
BBB,2013J,100122,M,East Anglian Region,Post Graduate Qualification,50-60%,0-35,2,30,N,Withdrawn
AAA,2013J,100381,M,East Anglian Region,A Level or Equivalent,90-100%,55<=,0,60,N,Withdrawn
AAA,2014J,100501,F,North Western Region,Post Graduate Qualification,40-50%,35-55,1,90,N,Pass
CCC,2014J,100882,M,London Region,Post Graduate Qualification,70-80%,35-55,0,30,N,Withdrawn
AAA,2014J,100224,F,South East Region,A Level or Equivalent,80-90%,35-55,1,90,N,Withdrawn
AAA,2013J,100071,M,London Region,Lower Than A Level,,35-55,0,120,Y,Fail
AAA,2014J,100027,F,London Region,Lower Than A Level,60-70%,35-55,1,60,N,Pass
CCC,2014J,100097,F,London Region,Lower Than A Level,,0-35,0,90,N,Fail
BBB,2014J,100826,F,London Region,A Level or Equivalent,20-30%,35-55,2,60,N,Pass
AAA,2014J,100397,F,South East Region,HE Qualification,30-40%,55<=,0,120,N,Withdrawn
CCC,2014J,100351,M,London Region,Post Graduate Qualification,20-30%,0-35,0,30,N,Withdrawn
AAA,2013J,100338,M,Scotland,HE Qualification,90-100%,0-35,0,30,N,Fail
BBB,2014J,100183,M,North Western Region,Post Graduate Qualification,10-20%,0-35,0,60,N,Fail
BBB,2014J,100791,M,South East Region,HE Qualification,80-90%,0-35,2,120,N,Pass
CCC,2014J,100833,M,London Region,A Level or Equivalent,60-70%,55<=,0,90,N,Pass
AAA,2014J,100406,M,Scotland,Lower Than A Level,0-10%,35-55,1,30,N,Distinction
BBB,2014J,100341,M,North Western Region,Lower Than A Level,60-70%,0-35,1,60,Y,Pass
BBB,2013J,100673,M,East Anglian Region,A Level or Equivalent,80-90%,0-35,2,120,Y,Withdrawn
BBB,2013J,100781,M,South East Region,Lower Than A Level,70-80%,0-35,0,30,N,Pass
CCC,2013J,100890,F,Scotland,A Level or Equivalent,50-60%,0-35,1,90,N,Withdrawn
CCC,2014J,100786,M,Scotland,A Level or Equivalent,30-40%,0-35,0,60,N,Pass
BBB,2014J,100405,M,North Western Region,A Level or Equivalent,10-20%,35-55,0,120,N,Fail
BBB,2013J,100751,M,East Anglian Region,Post Graduate Qualification,0-10%,35-55,0,120,N,Pass
CCC,2013J,100661,M,Scotland,Post Graduate Qualification,30-40%,0-35,1,120,N,Fail
BBB,2014J,100090,M,East Anglian Region,HE Qualification,60-70%,35-55,1,30,N,Fail
BBB,2014J,100506,F,London Region,A Level or Equivalent,,0-35,1,90,N,Pass
AAA,2013J,100450,F,East Anglian Region,HE Qualification,60-70%,35-55,1,60,N,Fail
AAA,2013J,100850,F,Scotland,HE Qualification,30-40%,35-55,0,90,N,Distinction
BBB,2013J,100818,F,North Western Region,A Level or Equivalent,,35-55,0,90,N,Fail
CCC,2014J,100841,M,East Anglian Region,A Level or Equivalent,,0-35,2,30,N,Distinction
AAA,2013J,100023,F,North Western Region,HE Qualification,30-40%,0-35,0,120,N,Withdrawn
BBB,2014J,100301,F,East Anglian Region,Lower Than A Level,40-50%,0-35,1,120,N,Withdrawn
AAA,2014J,100675,F,London Region,HE Qualification,40-50%,0-35,0,120,Y,Pass
CCC,2013J,100845,F,South East Region,Lower Than A Level,,35-55,2,60,N,Withdrawn
AAA,2013J,100895,M,North Western Region,HE Qualification,20-30%,0-35,1,60,N,Withdrawn
CCC,2013J,100345,F,Scotland,HE Qualification,30-40%,55<=,1,30,N,Fail
CCC,2013J,100222,M,North Western Region,A Level or Equivalent,30-40%,0-35,1,30,N,Pass
AAA,2014J,100735,M,South East Region,Post Graduate Qualification,70-80%,0-35,0,60,N,Distinction
CCC,2014J,100104,F,Scotland,HE Qualification,70-80%,35-55,1,120,N,Distinction
CCC,2014J,100588,M,East Anglian Region,A Level or Equivalent,30-40%,0-35,1,30,Y,Pass
BBB,2013J,100039,M,London Region,Lower Than A Level,10-20%,0-35,1,90,N,Fail
CCC,2013J,100541,M,North Western Region,Lower Than A Level,40-50%,35-55,0,90,N,Withdrawn
CCC,2013J,100472,F,London Region,Lower Than A Level,50-60%,0-35,0,60,N,Fail
AAA,2013J,100542,M,South East Region,Lower Than A Level,0-10%,0-35,1,120,N,Pass
CCC,2013J,100085,M,South East Region,HE Qualification,0-10%,0-35,0,30,N,Fail
CCC,2014J,100884,M,North Western Region,HE Qualification,,35-55,1,120,N,Pass
AAA,2013J,100471,M,East Anglian Region,Post Graduate Qualification,0-10%,0-35,0,90,N,Withdrawn
AAA,2014J,100305,F,South East Region,HE Qualification,40-50%,35-55,2,60,N,Fail
CCC,2014J,100035,F,North Western Region,Post Graduate Qualification,80-90%,0-35,1,120,N,Fail
AAA,2014J,100379,F,Scotland,HE Qualification,30-40%,35-55,0,60,N,Withdrawn
BBB,2013J,100420,F,London Region,A Level or Equivalent,50-60%,0-35,1,120,N,Pass
CCC,2013J,100324,F,London Region,A Level or Equivalent,60-70%,35-55,1,90,N,Withdrawn
AAA,2014J,100409,M,East Anglian Region,A Level or Equivalent,90-100%,0-35,2,120,N,Pass
AAA,2013J,100749,F,North Western Region,HE Qualification,90-100%,0-35,0,30,N,Pass
AAA,2014J,100041,F,South East Region,Post Graduate Qualification,30-40%,35-55,1,60,N,Withdrawn
AAA,2013J,100186,F,Scotland,A Level or Equivalent,10-20%,0-35,2,120,N,Fail
BBB,2014J,100493,M,South East Region,A Level or Equivalent,50-60%,0-35,1,120,N,Pass
BBB,2013J,100448,F,London Region,A Level or Equivalent,10-20%,0-35,0,30,N,Pass
AAA,2014J,100262,M,Scotland,Post Graduate Qualification,,0-35,2,120,N,Fail
BBB,2014J,100803,M,East Anglian Region,Lower Than A Level,60-70%,0-35,1,90,N,Fail
BBB,2014J,100834,M,East Anglian Region,Post Graduate Qualification,20-30%,0-35,0,30,N,Withdrawn
BBB,2014J,100172,M,North Western Region,A Level or Equivalent,,0-35,0,90,Y,Pass
AAA,2013J,100797,F,Scotland,Post Graduate Qualification,80-90%,55<=,0,90,N,Pass
BBB,2014J,100880,F,South East Region,Post Graduate Qualification,40-50%,0-35,1,120,N,Fail
CCC,2013J,100680,F,Scotland,Post Graduate Qualification,10-20%,35-55,1,120,N,Withdrawn
AAA,2013J,100683,F,South East Region,Post Graduate Qualification,30-40%,0-35,0,60,N,Pass
AAA,2013J,100190,F,South East Region,Lower Than A Level,60-70%,0-35,0,60,N,Withdrawn
CCC,2013J,100280,M,East Anglian Region,HE Qualification,80-90%,0-35,2,30,N,Withdrawn
BBB,2014J,100088,M,North Western Region,Lower Than A Level,20-30%,0-35,0,30,N,Fail
BBB,2013J,100826,F,Scotland,Lower Than A Level,30-40%,35-55,0,120,N,Fail
CCC,2013J,100895,M,East Anglian Region,HE Qualification,20-30%,35-55,0,30,N,Distinction
BBB,2014J,100429,F,South East Region,HE Qualification,40-50%,35-55,0,90,N,Distinction
AAA,2014J,100497,M,London Region,HE Qualification,10-20%,0-35,1,90,N,Fail
CCC,2014J,100294,M,East Anglian Region,Lower Than A Level,40-50%,0-35,0,30,N,Pass
BBB,2013J,100430,M,South East Region,A Level or Equivalent,30-40%,35-55,1,30,N,Fail
AAA,2013J,100634,M,North Western Region,HE Qualification,30-40%,0-35,0,60,N,Pass
BBB,2014J,100042,M,East Anglian Region,Post Graduate Qualification,80-90%,0-35,0,90,Y,Distinction
BBB,2014J,100168,F,Scotland,Post Graduate Qualification,30-40%,55<=,0,60,N,Withdrawn
AAA,2014J,100806,F,East Anglian Region,Lower Than A Level,70-80%,55<=,0,120,N,Fail
CCC,2013J,100403,M,South East Region,Lower Than A Level,30-40%,0-35,0,90,N,Distinction
CCC,2013J,100691,M,South East Region,Lower Than A Level,90-100%,55<=,2,60,N,Distinction
AAA,2013J,100323,F,East Anglian Region,Post Graduate Qualification,30-40%,55<=,2,30,N,Pass
CCC,2014J,100485,F,East Anglian Region,A Level or Equivalent,70-80%,35-55,0,30,N,Pass
CCC,2013J,100525,F,East Anglian Region,A Level or Equivalent,0-10%,0-35,0,90,Y,Pass
BBB,2013J,100337,F,North Western Region,HE Qualification,60-70%,0-35,1,60,N,Fail
BBB,2013J,100087,F,London Region,A Level or Equivalent,90-100%,0-35,0,90,N,Pass
CCC,2013J,100880,F,Scotland,A Level or Equivalent,60-70%,0-35,1,60,N,Pass
CCC,2013J,100401,M,London Region,A Level or Equivalent,90-100%,0-35,1,90,N,Pass
BBB,2014J,100648,F,North Western Region,A Level or Equivalent,30-40%,35-55,0,120,N,Pass
BBB,2014J,100725,F,Scotland,Lower Than A Level,40-50%,0-35,0,30,N,Fail
BBB,2013J,100434,F,South East Region,A Level or Equivalent,0-10%,35-55,0,90,N,Distinction
AAA,2014J,100075,M,South East Region,HE Qualification,70-80%,0-35,0,60,N,Withdrawn
CCC,2014J,100715,F,London Region,Lower Than A Level,80-90%,0-35,2,90,Y,Withdrawn
CCC,2013J,100221,F,South East Region,HE Qualification,80-90%,0-35,0,30,N,Pass
CCC,2014J,100579,F,North Western Region,A Level or Equivalent,10-20%,0-35,0,30,N,Fail
BBB,2013J,100227,M,London Region,Lower Than A Level,70-80%,0-35,0,30,Y,Fail
BBB,2013J,100323,M,South East Region,Post Graduate Qualification,20-30%,0-35,1,30,N,Fail
BBB,2014J,100542,F,London Region,Lower Than A Level,50-60%,0-35,0,90,N,Distinction
BBB,2013J,100317,M,East Anglian Region,Lower Than A Level,,35-55,1,120,N,Fail
CCC,2013J,100337,F,South East Region,A Level or Equivalent,40-50%,0-35,1,60,N,Pass
CCC,2013J,100642,M,East Anglian Region,HE Qualification,80-90%,35-55,2,120,N,Withdrawn
AAA,2013J,100674,F,North Western Region,Lower Than A Level,50-60%,35-55,0,90,N,Pass
AAA,2014J,100580,M,North Western Region,Post Graduate Qualification,70-80%,0-35,1,120,N,Fail
BBB,2013J,100081,F,London Region,A Level or Equivalent,60-70%,35-55,2,90,N,Pass
BBB,2013J,100610,M,East Anglian Region,Lower Than A Level,70-80%,0-35,0,30,N,Pass
CCC,2013J,100240,M,London Region,Post Graduate Qualification,80-90%,0-35,0,90,N,Fail
BBB,2013J,100723,F,South East Region,Lower Than A Level,90-100%,0-35,0,90,N,Fail
BBB,2013J,100738,M,Scotland,Lower Than A Level,30-40%,35-55,1,90,Y,Pass
CCC,2014J,100039,M,North Western Region,Post Graduate Qualification,,35-55,1,120,Y,Fail
BBB,2013J,100809,M,South East Region,HE Qualification,60-70%,0-35,0,30,N,Pass
BBB,2013J,100488,F,South East Region,A Level or Equivalent,60-70%,55<=,0,90,N,Pass
BBB,2014J,100600,M,London Region,HE Qualification,30-40%,0-35,0,120,N,Pass
BBB,2014J,100327,M,Scotland,HE Qualification,40-50%,35-55,0,30,N,Pass
CCC,2013J,100156,F,North Western Region,HE Qualification,70-80%,35-55,1,60,N,Withdrawn
BBB,2013J,100172,M,North Western Region,HE Qualification,30-40%,55<=,0,30,N,Fail
BBB,2014J,100837,M,North Western Region,A Level or Equivalent,90-100%,55<=,1,30,N,Fail
BBB,2013J,100625,M,North Western Region,Post Graduate Qualification,40-50%,0-35,1,120,N,Pass
AAA,2013J,100467,M,Scotland,HE Qualification,70-80%,35-55,1,30,Y,Pass
BBB,2014J,100822,F,North Western Region,Lower Than A Level,0-10%,35-55,2,90,N,Pass
AAA,2013J,100607,M,London Region,Post Graduate Qualification,0-10%,35-55,0,120,N,Pass
AAA,2013J,100571,F,South East Region,A Level or Equivalent,90-100%,0-35,1,60,Y,Pass
BBB,2013J,100879,M,South East Region,Post Graduate Qualification,80-90%,0-35,2,60,N,Fail
AAA,2014J,100174,M,South East Region,Post Graduate Qualification,90-100%,0-35,0,60,N,Withdrawn
BBB,2014J,100342,M,South East Region,Post Graduate Qualification,50-60%,0-35,0,60,N,Distinction
BBB,2013J,100861,F,North Western Region,HE Qualification,90-100%,0-35,1,90,N,Fail
BBB,2014J,100562,F,London Region,Post Graduate Qualification,40-50%,35-55,1,120,N,Pass
CCC,2014J,100580,M,East Anglian Region,Lower Than A Level,,0-35,0,120,N,Fail
BBB,2014J,100403,M,Scotland,HE Qualification,20-30%,35-55,0,120,N,Withdrawn
CCC,2013J,100105,F,London Region,A Level or Equivalent,40-50%,35-55,0,30,N,Pass
CCC,2013J,100298,M,North Western Region,A Level or Equivalent,40-50%,0-35,2,60,N,Distinction
AAA,2013J,100776,M,London Region,Lower Than A Level,80-90%,35-55,0,120,N,Fail
AAA,2014J,100803,M,London Region,Lower Than A Level,0-10%,0-35,2,90,N,Fail
BBB,2013J,100007,F,East Anglian Region,A Level or Equivalent,90-100%,35-55,1,60,N,Withdrawn
CCC,2014J,100084,F,North Western Region,Post Graduate Qualification,0-10%,55<=,1,60,N,Pass
AAA,2014J,100729,M,London Region,HE Qualification,30-40%,0-35,1,30,N,Pass
AAA,2014J,100268,M,East Anglian Region,A Level or Equivalent,60-70%,35-55,2,60,N,Distinction
CCC,2013J,100762,M,Scotland,A Level or Equivalent,10-20%,0-35,0,60,N,Pass
CCC,2013J,100239,F,South East Region,HE Qualification,50-60%,0-35,2,60,N,Withdrawn
AAA,2014J,100405,M,East Anglian Region,Lower Than A Level,,35-55,0,90,Y,Withdrawn
BBB,2013J,100611,M,London Region,HE Qualification,90-100%,0-35,2,60,N,Pass
BBB,2013J,100040,M,London Region,HE Qualification,0-10%,35-55,0,30,N,Fail
AAA,2014J,100463,F,East Anglian Region,Lower Than A Level,60-70%,0-35,2,120,N,Pass
AAA,2014J,100730,M,East Anglian Region,HE Qualification,60-70%,0-35,0,60,N,Pass
BBB,2014J,100534,F,South East Region,HE Qualification,0-10%,35-55,0,60,N,Distinction
BBB,2014J,100420,F,London Region,HE Qualification,70-80%,0-35,1,90,Y,Distinction
BBB,2013J,100608,M,East Anglian Region,HE Qualification,70-80%,0-35,0,90,N,Pass
CCC,2013J,100474,M,North Western Region,Lower Than A Level,20-30%,35-55,1,90,N,Pass
AAA,2014J,100731,M,North Western Region,HE Qualification,80-90%,0-35,0,30,N,Withdrawn
AAA,2013J,100791,F,East Anglian Region,HE Qualification,70-80%,0-35,1,120,N,Fail
AAA,2014J,100141,M,North Western Region,A Level or Equivalent,10-20%,0-35,0,60,N,Fail
CCC,2014J,100115,M,South East Region,A Level or Equivalent,20-30%,55<=,2,60,N,Pass
CCC,2014J,100606,F,Scotland,Post Graduate Qualification,60-70%,0-35,1,60,N,Fail
BBB,2013J,100145,M,East Anglian Region,A Level or Equivalent,90-100%,0-35,2,60,N,Fail
AAA,2013J,100842,M,South East Region,HE Qualification,20-30%,35-55,0,90,N,Pass
CCC,2014J,100353,F,London Region,Lower Than A Level,20-30%,0-35,0,60,Y,Withdrawn
BBB,2014J,100222,F,North Western Region,Post Graduate Qualification,80-90%,0-35,0,30,N,Withdrawn
CCC,2013J,100193,F,Scotland,HE Qualification,70-80%,0-35,0,90,N,Fail
BBB,2013J,100273,M,Scotland,Post Graduate Qualification,90-100%,0-35,0,60,N,Withdrawn
CCC,2014J,100603,F,Scotland,HE Qualification,80-90%,35-55,0,30,Y,Fail
CCC,2014J,100520,F,Scotland,A Level or Equivalent,,35-55,1,120,N,Distinction
AAA,2013J,100210,M,London Region,A Level or Equivalent,20-30%,55<=,1,60,N,Fail
CCC,2013J,100476,M,East Anglian Region,HE Qualification,20-30%,35-55,0,90,N,Withdrawn
BBB,2014J,100000,M,London Region,Lower Than A Level,0-10%,0-35,1,60,N,Fail
AAA,2014J,100721,M,South East Region,Post Graduate Qualification,80-90%,35-55,0,60,N,Pass
AAA,2013J,100694,F,Scotland,Lower Than A Level,0-10%,35-55,0,120,N,Distinction
BBB,2014J,100195,M,London Region,Lower Than A Level,20-30%,0-35,0,60,N,Fail
BBB,2014J,100591,F,East Anglian Region,HE Qualification,20-30%,35-55,0,90,N,Fail
CCC,2014J,100369,F,South East Region,Post Graduate Qualification,40-50%,35-55,0,90,N,Distinction
CCC,2013J,100667,F,North Western Region,A Level or Equivalent,50-60%,55<=,1,60,N,Fail
AAA,2013J,100795,M,East Anglian Region,HE Qualification,30-40%,35-55,0,90,Y,Pass
CCC,2013J,100858,M,London Region,Post Graduate Qualification,,0-35,1,90,N,Pass
AAA,2013J,100228,F,London Region,A Level or Equivalent,20-30%,0-35,0,30,N,Fail
BBB,2014J,100237,M,Scotland,Lower Than A Level,60-70%,0-35,1,90,N,Fail
BBB,2013J,100670,F,East Anglian Region,Post Graduate Qualification,40-50%,0-35,0,30,N,Fail
BBB,2014J,100884,F,North Western Region,A Level or Equivalent,40-50%,55<=,2,60,N,Pass
CCC,2014J,100382,M,Scotland,A Level or Equivalent,90-100%,0-35,0,60,N,Pass
CCC,2014J,100509,F,London Region,A Level or Equivalent,,0-35,0,60,N,Withdrawn
CCC,2013J,100261,F,North Western Region,A Level or Equivalent,50-60%,35-55,0,90,N,Fail
AAA,2014J,100249,F,East Anglian Region,HE Qualification,10-20%,0-35,2,60,N,Distinction
AAA,2013J,100748,F,Scotland,HE Qualification,40-50%,0-35,0,30,N,Withdrawn
BBB,2013J,100203,F,London Region,Lower Than A Level,60-70%,35-55,1,30,N,Pass
BBB,2013J,100486,F,London Region,A Level or Equivalent,40-50%,0-35,1,90,N,Fail
CCC,2013J,100220,F,North Western Region,Lower Than A Level,30-40%,0-35,0,90,N,Withdrawn
CCC,2014J,100157,M,East Anglian Region,Lower Than A Level,30-40%,0-35,1,90,N,Withdrawn
AAA,2013J,100307,M,London Region,Post Graduate Qualification,30-40%,35-55,0,90,Y,Withdrawn
AAA,2013J,100825,M,North Western Region,HE Qualification,30-40%,35-55,0,120,Y,Withdrawn
CCC,2013J,100357,F,Scotland,HE Qualification,40-50%,35-55,1,120,N,Distinction
BBB,2013J,100830,M,East Anglian Region,Post Graduate Qualification,70-80%,0-35,2,120,N,Withdrawn
AAA,2014J,100718,F,South East Region,HE Qualification,10-20%,55<=,2,120,N,Pass
CCC,2013J,100660,M,North Western Region,Post Graduate Qualification,0-10%,35-55,0,120,N,Distinction
BBB,2014J,100787,M,North Western Region,HE Qualification,50-60%,0-35,0,60,N,Distinction
CCC,2013J,100492,M,North Western Region,A Level or Equivalent,70-80%,0-35,0,90,N,Fail
CCC,2014J,100304,F,North Western Region,HE Qualification,20-30%,0-35,1,90,N,Pass
CCC,2013J,100391,F,North Western Region,A Level or Equivalent,20-30%,35-55,1,30,Y,Pass
CCC,2013J,100234,F,East Anglian Region,Lower Than A Level,40-50%,0-35,2,90,N,Fail
CCC,2014J,100400,M,London Region,Post Graduate Qualification,80-90%,35-55,0,90,N,Pass
AAA,2014J,100270,F,Scotland,Post Graduate Qualification,10-20%,35-55,1,120,N,Pass
AAA,2013J,100154,M,North Western Region,Lower Than A Level,10-20%,35-55,1,90,Y,Fail
AAA,2014J,100407,M,London Region,HE Qualification,60-70%,35-55,2,120,N,Pass
BBB,2014J,100705,F,South East Region,Post Graduate Qualification,40-50%,0-35,0,120,N,Pass
AAA,2013J,100843,M,London Region,A Level or Equivalent,50-60%,0-35,0,60,N,Withdrawn
BBB,2014J,100860,F,South East Region,Post Graduate Qualification,30-40%,0-35,1,30,N,Pass
BBB,2014J,100639,F,Scotland,Lower Than A Level,10-20%,0-35,1,90,N,Withdrawn
BBB,2013J,100229,F,Scotland,Lower Than A Level,80-90%,0-35,0,120,N,Pass
BBB,2013J,100389,F,South East Region,HE Qualification,20-30%,35-55,1,120,N,Distinction
BBB,2013J,100761,F,North Western Region,A Level or Equivalent,50-60%,0-35,0,90,N,Withdrawn
BBB,2013J,100558,F,East Anglian Region,Lower Than A Level,80-90%,0-35,0,90,N,Pass
CCC,2014J,100420,M,London Region,Post Graduate Qualification,90-100%,35-55,2,120,N,Fail
CCC,2013J,100410,F,Scotland,Lower Than A Level,20-30%,35-55,2,90,N,Pass
BBB,2013J,100136,M,East Anglian Region,A Level or Equivalent,80-90%,0-35,0,90,N,Fail
BBB,2013J,100031,M,Scotland,Post Graduate Qualification,60-70%,0-35,0,90,N,Pass
AAA,2014J,100842,M,East Anglian Region,Post Graduate Qualification,20-30%,0-35,2,60,N,Fail
BBB,2013J,100516,F,North Western Region,Post Graduate Qualification,70-80%,0-35,2,60,N,Fail
AAA,2013J,100659,M,Scotland,A Level or Equivalent,80-90%,0-35,2,30,N,Fail
CCC,2014J,100832,M,North Western Region,Post Graduate Qualification,50-60%,35-55,2,120,N,Withdrawn
CCC,2013J,100438,M,South East Region,A Level or Equivalent,30-40%,55<=,1,90,Y,Distinction
BBB,2013J,100189,F,London Region,HE Qualification,0-10%,0-35,2,120,N,Pass
AAA,2014J,100129,F,South East Region,Lower Than A Level,10-20%,35-55,1,120,N,Pass
AAA,2013J,100200,M,Scotland,HE Qualification,50-60%,0-35,1,30,N,Withdrawn
CCC,2014J,100288,F,North Western Region,Lower Than A Level,0-10%,0-35,0,30,N,Pass
BBB,2013J,100298,M,London Region,A Level or Equivalent,30-40%,55<=,0,30,N,Withdrawn
AAA,2014J,100058,M,Scotland,Post Graduate Qualification,,0-35,1,30,N,Fail
AAA,2013J,100458,M,Scotland,A Level or Equivalent,40-50%,0-35,1,60,N,Fail
CCC,2013J,100323,F,North Western Region,HE Qualification,,0-35,1,30,N,Distinction
AAA,2013J,100515,M,London Region,HE Qualification,80-90%,35-55,2,90,N,Distinction
AAA,2014J,100655,M,Scotland,HE Qualification,0-10%,0-35,2,90,N,Pass
CCC,2013J,100606,M,Scotland,HE Qualification,,35-55,0,30,N,Distinction
AAA,2013J,100122,M,London Region,A Level or Equivalent,,35-55,2,60,N,Distinction
CCC,2014J,100407,M,Scotland,Lower Than A Level,10-20%,0-35,0,60,N,Pass
AAA,2013J,100052,F,Scotland,A Level or Equivalent,70-80%,0-35,0,90,N,Pass
